algorithm,library,N,N_base,P,grid,unit,type,value,blocksize
cholesky,mkl,16384,16384,4,2x2,time,strong,3023,
cholesky,mkl,16384,16384,4,2x2,time,strong,3018,
cholesky,mkl,16384,16384,4,2x2,time,strong,3023,
cholesky,mkl,16384,16384,4,2x2,time,strong,3018,
cholesky,mkl,16384,16384,4,2x2,time,strong,3022,
cholesky,mkl,16384,16384,8,4x2,time,strong,4332,
cholesky,mkl,16384,16384,8,4x2,time,strong,4314,
cholesky,mkl,16384,16384,8,4x2,time,strong,4384,
cholesky,mkl,16384,16384,8,4x2,time,strong,4521,
cholesky,mkl,16384,16384,8,4x2,time,strong,4394,
cholesky,mkl,16384,16384,16,4x4,time,strong,1216,
cholesky,mkl,16384,16384,16,4x4,time,strong,1152,
cholesky,mkl,16384,16384,16,4x4,time,strong,1184,
cholesky,mkl,16384,16384,16,4x4,time,strong,1127,
cholesky,mkl,16384,16384,16,4x4,time,strong,1170,
cholesky,mkl,16384,16384,32,8x4,time,strong,764,
cholesky,mkl,16384,16384,32,8x4,time,strong,774,
cholesky,mkl,16384,16384,32,8x4,time,strong,745,
cholesky,mkl,16384,16384,32,8x4,time,strong,730,
cholesky,mkl,16384,16384,32,8x4,time,strong,736,
cholesky,mkl,16384,16384,64,8x8,time,strong,466,
cholesky,mkl,16384,16384,64,8x8,time,strong,458,
cholesky,mkl,16384,16384,64,8x8,time,strong,451,
cholesky,mkl,16384,16384,64,8x8,time,strong,476,
cholesky,mkl,16384,16384,64,8x8,time,strong,464,
cholesky,mkl,16384,16384,128,16x8,time,strong,488,
cholesky,mkl,16384,16384,128,16x8,time,strong,520,
cholesky,mkl,16384,16384,128,16x8,time,strong,507,
cholesky,mkl,16384,16384,128,16x8,time,strong,396,
cholesky,mkl,16384,16384,128,16x8,time,strong,402,
cholesky,mkl,16384,16384,256,16x16,time,strong,319,
cholesky,mkl,16384,16384,256,16x16,time,strong,235,
cholesky,mkl,16384,16384,256,16x16,time,strong,235,
cholesky,mkl,16384,16384,256,16x16,time,strong,312,
cholesky,mkl,16384,16384,256,16x16,time,strong,289,
cholesky,mkl,16384,16384,512,32x16,time,strong,448,
cholesky,mkl,16384,16384,512,32x16,time,strong,417,
cholesky,mkl,16384,16384,512,32x16,time,strong,426,
cholesky,mkl,16384,16384,512,32x16,time,strong,420,
cholesky,mkl,16384,16384,512,32x16,time,strong,448,
cholesky,mkl,16384,16384,1024,32x32,time,strong,257,
cholesky,mkl,16384,16384,1024,32x32,time,strong,254,
cholesky,mkl,16384,16384,1024,32x32,time,strong,244,
cholesky,mkl,16384,16384,1024,32x32,time,strong,209,
cholesky,mkl,16384,16384,1024,32x32,time,strong,211,
cholesky,mkl,131072,131072,16,4x4,time,strong,326616,
cholesky,mkl,131072,131072,16,4x4,time,strong,326685,
cholesky,mkl,131072,131072,16,4x4,time,strong,325683,
cholesky,mkl,131072,131072,16,4x4,time,strong,327284,
cholesky,mkl,131072,131072,16,4x4,time,strong,326128,
cholesky,mkl,131072,131072,32,8x4,time,strong,278206,
cholesky,mkl,131072,131072,32,8x4,time,strong,309723,
cholesky,mkl,131072,131072,32,8x4,time,strong,278134,
cholesky,mkl,131072,131072,32,8x4,time,strong,282900,
cholesky,mkl,131072,131072,32,8x4,time,strong,292254,
cholesky,mkl,131072,131072,64,8x8,time,strong,103103,
cholesky,mkl,131072,131072,64,8x8,time,strong,102732,
cholesky,mkl,131072,131072,64,8x8,time,strong,102783,
cholesky,mkl,131072,131072,64,8x8,time,strong,102489,
cholesky,mkl,131072,131072,64,8x8,time,strong,102839,
cholesky,mkl,131072,131072,128,16x8,time,strong,77689,
cholesky,mkl,131072,131072,128,16x8,time,strong,81179,
cholesky,mkl,131072,131072,128,16x8,time,strong,85140,
cholesky,mkl,131072,131072,128,16x8,time,strong,89075,
cholesky,mkl,131072,131072,128,16x8,time,strong,93817,
cholesky,mkl,131072,131072,256,16x16,time,strong,31873,
cholesky,mkl,131072,131072,256,16x16,time,strong,31581,
cholesky,mkl,131072,131072,256,16x16,time,strong,31826,
cholesky,mkl,131072,131072,256,16x16,time,strong,31345,
cholesky,mkl,131072,131072,256,16x16,time,strong,31945,
cholesky,mkl,131072,131072,512,32x16,time,strong,19006,
cholesky,mkl,131072,131072,512,32x16,time,strong,20760,
cholesky,mkl,131072,131072,512,32x16,time,strong,22842,
cholesky,mkl,131072,131072,512,32x16,time,strong,25096,
cholesky,mkl,131072,131072,512,32x16,time,strong,27243,
cholesky,mkl,131072,131072,1024,32x32,time,strong,13514,
cholesky,mkl,131072,131072,1024,32x32,time,strong,13535,
cholesky,mkl,131072,131072,1024,32x32,time,strong,13397,
cholesky,mkl,131072,131072,1024,32x32,time,strong,13441,
cholesky,mkl,131072,131072,1024,32x32,time,strong,13443,
cholesky,slate,16384,16384,4,2x2,time,strong,1770,
cholesky,slate,16384,16384,4,2x2,time,strong,1753,
cholesky,slate,16384,16384,4,2x2,time,strong,1741,
cholesky,slate,16384,16384,4,2x2,time,strong,1750,
cholesky,slate,16384,16384,4,2x2,time,strong,1757,
cholesky,slate,16384,16384,8,4x2,time,strong,1096,
cholesky,slate,16384,16384,8,4x2,time,strong,1114,
cholesky,slate,16384,16384,8,4x2,time,strong,1094,
cholesky,slate,16384,16384,8,4x2,time,strong,1113,
cholesky,slate,16384,16384,8,4x2,time,strong,1097,
cholesky,slate,16384,16384,16,4x4,time,strong,783,
cholesky,slate,16384,16384,16,4x4,time,strong,783,
cholesky,slate,16384,16384,16,4x4,time,strong,805,
cholesky,slate,16384,16384,16,4x4,time,strong,806,
cholesky,slate,16384,16384,16,4x4,time,strong,782,
cholesky,slate,16384,16384,32,8x4,time,strong,594,
cholesky,slate,16384,16384,32,8x4,time,strong,594,
cholesky,slate,16384,16384,32,8x4,time,strong,592,
cholesky,slate,16384,16384,32,8x4,time,strong,567,
cholesky,slate,16384,16384,32,8x4,time,strong,597,
cholesky,slate,16384,16384,64,8x8,time,strong,530,
cholesky,slate,16384,16384,64,8x8,time,strong,520,
cholesky,slate,16384,16384,64,8x8,time,strong,522,
cholesky,slate,16384,16384,64,8x8,time,strong,523,
cholesky,slate,16384,16384,64,8x8,time,strong,531,
cholesky,slate,16384,16384,128,16x8,time,strong,507,
cholesky,slate,16384,16384,128,16x8,time,strong,487,
cholesky,slate,16384,16384,128,16x8,time,strong,472,
cholesky,slate,16384,16384,128,16x8,time,strong,461,
cholesky,slate,16384,16384,128,16x8,time,strong,450,
cholesky,slate,16384,16384,256,16x16,time,strong,549,
cholesky,slate,16384,16384,256,16x16,time,strong,512,
cholesky,slate,16384,16384,256,16x16,time,strong,494,
cholesky,slate,16384,16384,256,16x16,time,strong,479,
cholesky,slate,16384,16384,256,16x16,time,strong,480,
cholesky,slate,16384,16384,512,32x16,time,strong,483,
cholesky,slate,16384,16384,512,32x16,time,strong,445,
cholesky,slate,16384,16384,512,32x16,time,strong,427,
cholesky,slate,16384,16384,512,32x16,time,strong,419,
cholesky,slate,16384,16384,512,32x16,time,strong,397,
cholesky,slate,16384,16384,1024,32x32,time,strong,534,
cholesky,slate,16384,16384,1024,32x32,time,strong,487,
cholesky,slate,16384,16384,1024,32x32,time,strong,459,
cholesky,slate,16384,16384,1024,32x32,time,strong,447,
cholesky,slate,16384,16384,1024,32x32,time,strong,437,
cholesky,slate,131072,131072,16,4x4,time,strong,189428,
cholesky,slate,131072,131072,16,4x4,time,strong,188949,
cholesky,slate,131072,131072,16,4x4,time,strong,188316,
cholesky,slate,131072,131072,16,4x4,time,strong,188709,
cholesky,slate,131072,131072,16,4x4,time,strong,187485,
cholesky,slate,131072,131072,32,8x4,time,strong,99233,
cholesky,slate,131072,131072,32,8x4,time,strong,99126,
cholesky,slate,131072,131072,32,8x4,time,strong,99109,
cholesky,slate,131072,131072,32,8x4,time,strong,99351,
cholesky,slate,131072,131072,32,8x4,time,strong,99073,
cholesky,slate,131072,131072,64,8x8,time,strong,55110,
cholesky,slate,131072,131072,64,8x8,time,strong,54934,
cholesky,slate,131072,131072,64,8x8,time,strong,55010,
cholesky,slate,131072,131072,64,8x8,time,strong,54896,
cholesky,slate,131072,131072,64,8x8,time,strong,55099,
cholesky,slate,131072,131072,128,16x8,time,strong,31845,
cholesky,slate,131072,131072,128,16x8,time,strong,31819,
cholesky,slate,131072,131072,128,16x8,time,strong,31808,
cholesky,slate,131072,131072,128,16x8,time,strong,31825,
cholesky,slate,131072,131072,128,16x8,time,strong,31778,
cholesky,slate,131072,131072,256,16x16,time,strong,19835,
cholesky,slate,131072,131072,256,16x16,time,strong,19842,
cholesky,slate,131072,131072,256,16x16,time,strong,19914,
cholesky,slate,131072,131072,256,16x16,time,strong,19873,
cholesky,slate,131072,131072,256,16x16,time,strong,19890,
cholesky,slate,131072,131072,512,32x16,time,strong,12347,
cholesky,slate,131072,131072,512,32x16,time,strong,12395,
cholesky,slate,131072,131072,512,32x16,time,strong,12392,
cholesky,slate,131072,131072,512,32x16,time,strong,12348,
cholesky,slate,131072,131072,512,32x16,time,strong,12417,
cholesky,slate,131072,131072,1024,32x32,time,strong,9364,
cholesky,slate,131072,131072,1024,32x32,time,strong,9409,
cholesky,slate,131072,131072,1024,32x32,time,strong,9383,
cholesky,slate,131072,131072,1024,32x32,time,strong,9417,
cholesky,slate,131072,131072,1024,32x32,time,strong,9399,
cholesky,capital,16384,16384,8,2x2x2,time,strong,2623,
cholesky,capital,16384,16384,8,2x2x2,time,strong,2579,
cholesky,capital,16384,16384,8,2x2x2,time,strong,2579,
cholesky,capital,16384,16384,8,2x2x2,time,strong,2577,
cholesky,capital,16384,16384,8,2x2x2,time,strong,2574,
cholesky,capital,16384,16384,64,4x4x4,time,strong,724,
cholesky,capital,16384,16384,64,4x4x4,time,strong,876,
cholesky,capital,16384,16384,64,4x4x4,time,strong,681,
cholesky,capital,16384,16384,64,4x4x4,time,strong,687,
cholesky,capital,16384,16384,64,4x4x4,time,strong,693,
cholesky,capital,16384,16384,512,8x8x8,time,strong,284,
cholesky,capital,16384,16384,512,8x8x8,time,strong,299,
cholesky,capital,16384,16384,512,8x8x8,time,strong,245,
cholesky,capital,16384,16384,512,8x8x8,time,strong,286,
cholesky,capital,16384,16384,512,8x8x8,time,strong,278,
cholesky,capital,131072,131072,512,8x8x8,time,strong,19331,
cholesky,capital,131072,131072,512,8x8x8,time,strong,18904,
cholesky,capital,131072,131072,512,8x8x8,time,strong,18910,
cholesky,capital,131072,131072,512,8x8x8,time,strong,19037,
cholesky,capital,131072,131072,512,8x8x8,time,strong,18912,
cholesky,psychol,16384,16384,4,2x2x1,time,strong,1488,
cholesky,psychol,16384,16384,4,2x2x1,time,strong,1503,
cholesky,psychol,16384,16384,4,2x2x1,time,strong,1488,
cholesky,psychol,16384,16384,4,2x2x1,time,strong,1469,
cholesky,psychol,16384,16384,4,2x2x1,time,strong,1471,
cholesky,psychol,16384,16384,8,2x2x2,time,strong,1185,
cholesky,psychol,16384,16384,8,2x2x2,time,strong,1178,
cholesky,psychol,16384,16384,8,2x2x2,time,strong,1181,
cholesky,psychol,16384,16384,8,2x2x2,time,strong,1173,
cholesky,psychol,16384,16384,8,2x2x2,time,strong,1205,
cholesky,psychol,16384,16384,16,4x4x1,time,strong,734,
cholesky,psychol,16384,16384,16,4x4x1,time,strong,747,
cholesky,psychol,16384,16384,16,4x4x1,time,strong,707,
cholesky,psychol,16384,16384,16,4x4x1,time,strong,721,
cholesky,psychol,16384,16384,16,4x4x1,time,strong,772,
cholesky,psychol,16384,16384,32,4x4x2,time,strong,710,
cholesky,psychol,16384,16384,32,4x4x2,time,strong,681,
cholesky,psychol,16384,16384,32,4x4x2,time,strong,777,
cholesky,psychol,16384,16384,32,4x4x2,time,strong,674,
cholesky,psychol,16384,16384,32,4x4x2,time,strong,629,
cholesky,psychol,16384,16384,64,8x8x1,time,strong,532,
cholesky,psychol,16384,16384,64,8x8x1,time,strong,547,
cholesky,psychol,16384,16384,64,8x8x1,time,strong,519,
cholesky,psychol,16384,16384,64,8x8x1,time,strong,464,
cholesky,psychol,16384,16384,64,8x8x1,time,strong,536,
cholesky,psychol,16384,16384,128,8x8x2,time,strong,699,
cholesky,psychol,16384,16384,128,8x8x2,time,strong,599,
cholesky,psychol,16384,16384,128,8x8x2,time,strong,588,
cholesky,psychol,16384,16384,128,8x8x2,time,strong,699,
cholesky,psychol,16384,16384,128,8x8x2,time,strong,526,
cholesky,psychol,16384,16384,256,16x16x1,time,strong,420,
cholesky,psychol,16384,16384,256,16x16x1,time,strong,687,
cholesky,psychol,16384,16384,256,16x16x1,time,strong,434,
cholesky,psychol,16384,16384,256,16x16x1,time,strong,465,
cholesky,psychol,16384,16384,256,16x16x1,time,strong,490,
cholesky,psychol,16384,16384,512,16x16x2,time,strong,1357,
cholesky,psychol,16384,16384,512,16x16x2,time,strong,1191,
cholesky,psychol,16384,16384,512,16x16x2,time,strong,1328,
cholesky,psychol,16384,16384,512,16x16x2,time,strong,1233,
cholesky,psychol,16384,16384,512,16x16x2,time,strong,1383,
cholesky,psychol,16384,16384,1024,32x32x1,time,strong,1436,
cholesky,psychol,16384,16384,1024,32x32x1,time,strong,1604,
cholesky,psychol,16384,16384,1024,32x32x1,time,strong,1410,
cholesky,psychol,16384,16384,1024,32x32x1,time,strong,1423,
cholesky,psychol,16384,16384,1024,32x32x1,time,strong,1704,
cholesky,psychol,131072,131072,16,4x4x1,time,strong,126960,
cholesky,psychol,131072,131072,16,4x4x1,time,strong,126855,
cholesky,psychol,131072,131072,16,4x4x1,time,strong,126833,
cholesky,psychol,131072,131072,16,4x4x1,time,strong,126816,
cholesky,psychol,131072,131072,16,4x4x1,time,strong,126855,
cholesky,psychol,131072,131072,32,4x4x2,time,strong,75989,
cholesky,psychol,131072,131072,32,4x4x2,time,strong,76069,
cholesky,psychol,131072,131072,32,4x4x2,time,strong,76013,
cholesky,psychol,131072,131072,32,4x4x2,time,strong,76602,
cholesky,psychol,131072,131072,32,4x4x2,time,strong,76586,
cholesky,psychol,131072,131072,64,8x8x1,time,strong,45390,
cholesky,psychol,131072,131072,64,8x8x1,time,strong,45343,
cholesky,psychol,131072,131072,64,8x8x1,time,strong,45148,
cholesky,psychol,131072,131072,64,8x8x1,time,strong,45685,
cholesky,psychol,131072,131072,64,8x8x1,time,strong,45354,
cholesky,psychol,131072,131072,128,8x8x2,time,strong,30646,
cholesky,psychol,131072,131072,128,8x8x2,time,strong,30690,
cholesky,psychol,131072,131072,128,8x8x2,time,strong,30666,
cholesky,psychol,131072,131072,128,8x8x2,time,strong,30789,
cholesky,psychol,131072,131072,128,8x8x2,time,strong,30733,
cholesky,psychol,131072,131072,256,16x16x1,time,strong,18669,
cholesky,psychol,131072,131072,256,16x16x1,time,strong,18809,
cholesky,psychol,131072,131072,256,16x16x1,time,strong,18749,
cholesky,psychol,131072,131072,256,16x16x1,time,strong,18899,
cholesky,psychol,131072,131072,256,16x16x1,time,strong,19318,
cholesky,psychol,131072,131072,512,16x16x2,time,strong,16994,
cholesky,psychol,131072,131072,512,16x16x2,time,strong,16778,
cholesky,psychol,131072,131072,512,16x16x2,time,strong,16515,
cholesky,psychol,131072,131072,512,16x16x2,time,strong,16795,
cholesky,psychol,131072,131072,512,16x16x2,time,strong,16812,
cholesky,psychol,131072,131072,1024,16x16x2,time,strong,16570,
cholesky,psychol,131072,131072,1024,16x16x2,time,strong,16589,
cholesky,psychol,131072,131072,1024,16x16x2,time,strong,16473,
cholesky,psychol,131072,131072,1024,16x16x2,time,strong,16546,
cholesky,psychol,131072,131072,1024,16x16x2,time,strong,16407,
cholesky,mkl,2048,1024,4,2x2,time,weak,18,
cholesky,mkl,2048,1024,4,2x2,time,weak,17,
cholesky,mkl,2048,1024,4,2x2,time,weak,17,
cholesky,mkl,2048,1024,4,2x2,time,weak,17,
cholesky,mkl,2048,1024,4,2x2,time,weak,17,
cholesky,mkl,4096,1024,16,4x4,time,weak,45,
cholesky,mkl,4096,1024,16,4x4,time,weak,43,
cholesky,mkl,4096,1024,16,4x4,time,weak,43,
cholesky,mkl,4096,1024,16,4x4,time,weak,43,
cholesky,mkl,4096,1024,16,4x4,time,weak,45,
cholesky,mkl,8192,1024,64,8x8,time,weak,108,
cholesky,mkl,8192,1024,64,8x8,time,weak,105,
cholesky,mkl,8192,1024,64,8x8,time,weak,113,
cholesky,mkl,8192,1024,64,8x8,time,weak,116,
cholesky,mkl,8192,1024,64,8x8,time,weak,108,
cholesky,mkl,16384,1024,256,16x16,time,weak,262,
cholesky,mkl,16384,1024,256,16x16,time,weak,245,
cholesky,mkl,16384,1024,256,16x16,time,weak,248,
cholesky,mkl,16384,1024,256,16x16,time,weak,244,
cholesky,mkl,16384,1024,256,16x16,time,weak,244,
cholesky,mkl,32768,1024,1024,32x32,time,weak,522,
cholesky,mkl,32768,1024,1024,32x32,time,weak,525,
cholesky,mkl,32768,1024,1024,32x32,time,weak,513,
cholesky,mkl,32768,1024,1024,32x32,time,weak,526,
cholesky,mkl,32768,1024,1024,32x32,time,weak,519,
cholesky,mkl,16384,8192,4,2x2,time,weak,3024,
cholesky,mkl,16384,8192,4,2x2,time,weak,3071,
cholesky,mkl,16384,8192,4,2x2,time,weak,3014,
cholesky,mkl,16384,8192,4,2x2,time,weak,2985,
cholesky,mkl,16384,8192,4,2x2,time,weak,3012,
cholesky,mkl,32768,8192,16,4x4,time,weak,6935,
cholesky,mkl,32768,8192,16,4x4,time,weak,6787,
cholesky,mkl,32768,8192,16,4x4,time,weak,6873,
cholesky,mkl,32768,8192,16,4x4,time,weak,6908,
cholesky,mkl,32768,8192,16,4x4,time,weak,6748,
cholesky,mkl,65536,8192,64,8x8,time,weak,14788,
cholesky,mkl,65536,8192,64,8x8,time,weak,14965,
cholesky,mkl,65536,8192,64,8x8,time,weak,15271,
cholesky,mkl,65536,8192,64,8x8,time,weak,14971,
cholesky,mkl,65536,8192,64,8x8,time,weak,14885,
cholesky,mkl,131072,8192,256,16x16,time,weak,31316,
cholesky,mkl,131072,8192,256,16x16,time,weak,31518,
cholesky,mkl,131072,8192,256,16x16,time,weak,31191,
cholesky,mkl,131072,8192,256,16x16,time,weak,30893,
cholesky,mkl,131072,8192,256,16x16,time,weak,31114,
cholesky,mkl,262144,8192,1024,32x32,time,weak,67761,
cholesky,mkl,262144,8192,1024,32x32,time,weak,67529,
cholesky,mkl,262144,8192,1024,32x32,time,weak,68151,
cholesky,mkl,262144,8192,1024,32x32,time,weak,67921,
cholesky,mkl,262144,8192,1024,32x32,time,weak,68411,
cholesky,slate,2048,1024,4,2x2,time,weak,34,
cholesky,slate,2048,1024,4,2x2,time,weak,31,
cholesky,slate,2048,1024,4,2x2,time,weak,24,
cholesky,slate,2048,1024,4,2x2,time,weak,24,
cholesky,slate,2048,1024,4,2x2,time,weak,34,
cholesky,slate,4096,1024,16,4x4,time,weak,87,
cholesky,slate,4096,1024,16,4x4,time,weak,80,
cholesky,slate,4096,1024,16,4x4,time,weak,75,
cholesky,slate,4096,1024,16,4x4,time,weak,77,
cholesky,slate,4096,1024,16,4x4,time,weak,74,
cholesky,slate,8192,1024,64,8x8,time,weak,218,
cholesky,slate,8192,1024,64,8x8,time,weak,192,
cholesky,slate,8192,1024,64,8x8,time,weak,191,
cholesky,slate,8192,1024,64,8x8,time,weak,188,
cholesky,slate,8192,1024,64,8x8,time,weak,183,
cholesky,slate,16384,1024,256,16x16,time,weak,535,
cholesky,slate,16384,1024,256,16x16,time,weak,512,
cholesky,slate,16384,1024,256,16x16,time,weak,490,
cholesky,slate,16384,1024,256,16x16,time,weak,470,
cholesky,slate,16384,1024,256,16x16,time,weak,468,
cholesky,slate,32768,1024,1024,32x32,time,weak,546,
cholesky,slate,32768,1024,1024,32x32,time,weak,517,
cholesky,slate,32768,1024,1024,32x32,time,weak,486,
cholesky,slate,32768,1024,1024,32x32,time,weak,445,
cholesky,slate,32768,1024,1024,32x32,time,weak,430,
cholesky,slate,16384,8192,4,2x2,time,weak,1787,
cholesky,slate,16384,8192,4,2x2,time,weak,1775,
cholesky,slate,16384,8192,4,2x2,time,weak,1800,
cholesky,slate,16384,8192,4,2x2,time,weak,1798,
cholesky,slate,16384,8192,4,2x2,time,weak,1771,
cholesky,slate,32768,8192,16,4x4,time,weak,4061,
cholesky,slate,32768,8192,16,4x4,time,weak,4037,
cholesky,slate,32768,8192,16,4x4,time,weak,4081,
cholesky,slate,32768,8192,16,4x4,time,weak,4017,
cholesky,slate,32768,8192,16,4x4,time,weak,4060,
cholesky,slate,65536,8192,64,8x8,time,weak,8691,
cholesky,slate,65536,8192,64,8x8,time,weak,8727,
cholesky,slate,65536,8192,64,8x8,time,weak,8708,
cholesky,slate,65536,8192,64,8x8,time,weak,8697,
cholesky,slate,65536,8192,64,8x8,time,weak,8686,
cholesky,slate,131072,8192,256,16x16,time,weak,19914,
cholesky,slate,131072,8192,256,16x16,time,weak,19915,
cholesky,slate,131072,8192,256,16x16,time,weak,19957,
cholesky,slate,131072,8192,256,16x16,time,weak,19953,
cholesky,slate,131072,8192,256,16x16,time,weak,19950,
cholesky,slate,262144,8192,1024,32x32,time,weak,41299,
cholesky,slate,262144,8192,1024,32x32,time,weak,41350,
cholesky,slate,262144,8192,1024,32x32,time,weak,41296,
cholesky,slate,262144,8192,1024,32x32,time,weak,41264,
cholesky,slate,262144,8192,1024,32x32,time,weak,41328,
cholesky,capital,32768,8192,8,2x2x2,time,weak,23723,
cholesky,capital,32768,8192,8,2x2x2,time,weak,23529,
cholesky,capital,32768,8192,8,2x2x2,time,weak,23624,
cholesky,capital,32768,8192,8,2x2x2,time,weak,23565,
cholesky,capital,32768,8192,8,2x2x2,time,weak,23534,
cholesky,capital,65536,8192,64,4x4x4,time,weak,21186,
cholesky,capital,65536,8192,64,4x4x4,time,weak,21151,
cholesky,capital,65536,8192,64,4x4x4,time,weak,21283,
cholesky,capital,65536,8192,64,4x4x4,time,weak,21582,
cholesky,capital,65536,8192,64,4x4x4,time,weak,21209,
cholesky,capital,131072,8192,216,6x6x6,time,weak,42329,
cholesky,capital,131072,8192,216,6x6x6,time,weak,42566,
cholesky,capital,131072,8192,216,6x6x6,time,weak,43861,
cholesky,capital,131072,8192,216,6x6x6,time,weak,42511,
cholesky,capital,131072,8192,216,6x6x6,time,weak,42400,
cholesky,psychol,2048,1024,4,2x2,time,weak,,
cholesky,psychol,2048,1024,4,2x2,time,weak,,
cholesky,psychol,2048,1024,4,2x2,time,weak,,
cholesky,psychol,2048,1024,4,2x2,time,weak,,
cholesky,psychol,2048,1024,4,2x2,time,weak,,
cholesky,psychol,4096,1024,16,4x4,time,weak,,
cholesky,psychol,4096,1024,16,4x4,time,weak,,
cholesky,psychol,4096,1024,16,4x4,time,weak,,
cholesky,psychol,4096,1024,16,4x4,time,weak,,
cholesky,psychol,4096,1024,16,4x4,time,weak,,
cholesky,psychol,8192,1024,64,8x8,time,weak,,
cholesky,psychol,8192,1024,64,8x8,time,weak,,
cholesky,psychol,8192,1024,64,8x8,time,weak,,
cholesky,psychol,8192,1024,64,8x8,time,weak,,
cholesky,psychol,8192,1024,64,8x8,time,weak,,
cholesky,psychol,16384,1024,256,16x16,time,weak,,
cholesky,psychol,16384,1024,256,16x16,time,weak,,
cholesky,psychol,16384,1024,256,16x16,time,weak,,
cholesky,psychol,16384,1024,256,16x16,time,weak,,
cholesky,psychol,16384,1024,256,16x16,time,weak,,
cholesky,psychol,32768,1024,1024,32x32,time,weak,,
cholesky,psychol,32768,1024,1024,32x32,time,weak,,
cholesky,psychol,32768,1024,1024,32x32,time,weak,,
cholesky,psychol,32768,1024,1024,32x32,time,weak,,
cholesky,psychol,32768,1024,1024,32x32,time,weak,,
cholesky,psychol,16384,8192,4,2x2,time,weak,,
cholesky,psychol,16384,8192,4,2x2,time,weak,,
cholesky,psychol,16384,8192,4,2x2,time,weak,,
cholesky,psychol,16384,8192,4,2x2,time,weak,,
cholesky,psychol,16384,8192,4,2x2,time,weak,,
cholesky,psychol,32768,8192,16,4x4,time,weak,,
cholesky,psychol,32768,8192,16,4x4,time,weak,,
cholesky,psychol,32768,8192,16,4x4,time,weak,,
cholesky,psychol,32768,8192,16,4x4,time,weak,,
cholesky,psychol,32768,8192,16,4x4,time,weak,,
cholesky,psychol,65536,8192,64,8x8,time,weak,,
cholesky,psychol,65536,8192,64,8x8,time,weak,,
cholesky,psychol,65536,8192,64,8x8,time,weak,,
cholesky,psychol,65536,8192,64,8x8,time,weak,,
cholesky,psychol,65536,8192,64,8x8,time,weak,,
cholesky,psychol,131072,8192,256,16x16,time,weak,,
cholesky,psychol,131072,8192,256,16x16,time,weak,,
cholesky,psychol,131072,8192,256,16x16,time,weak,,
cholesky,psychol,131072,8192,256,16x16,time,weak,,
cholesky,psychol,131072,8192,256,16x16,time,weak,,
cholesky,psychol,262144,8192,1024,32x32,time,weak,,
cholesky,psychol,262144,8192,1024,32x32,time,weak,,
cholesky,psychol,262144,8192,1024,32x32,time,weak,,
cholesky,psychol,262144,8192,1024,32x32,time,weak,,
cholesky,psychol,262144,8192,1024,32x32,time,weak,,
lu,mkl,16384,16384,4,2x2,time,strong,6923,128
lu,mkl,16384,16384,4,2x2,time,strong,6788,128
lu,mkl,16384,16384,4,2x2,time,strong,7174,128
lu,mkl,16384,16384,4,2x2,time,strong,7136,128
lu,mkl,16384,16384,4,2x2,time,strong,7061,128
lu,mkl,16384,16384,8,4x2,time,strong,5767,128
lu,mkl,16384,16384,8,4x2,time,strong,5841,128
lu,mkl,16384,16384,8,4x2,time,strong,5762,128
lu,mkl,16384,16384,8,4x2,time,strong,5807,128
lu,mkl,16384,16384,8,4x2,time,strong,5771,128
lu,mkl,16384,16384,16,4x4,time,strong,3864,64
lu,mkl,16384,16384,16,4x4,time,strong,3836,64
lu,mkl,16384,16384,16,4x4,time,strong,3899,64
lu,mkl,16384,16384,16,4x4,time,strong,3868,64
lu,mkl,16384,16384,16,4x4,time,strong,3855,64
lu,mkl,16384,16384,32,8x4,time,strong,3722,64
lu,mkl,16384,16384,32,8x4,time,strong,3674,64
lu,mkl,16384,16384,32,8x4,time,strong,3738,64
lu,mkl,16384,16384,32,8x4,time,strong,3695,64
lu,mkl,16384,16384,32,8x4,time,strong,3786,64
lu,mkl,16384,16384,64,8x8,time,strong,2317,64
lu,mkl,16384,16384,64,8x8,time,strong,2349,64
lu,mkl,16384,16384,64,8x8,time,strong,2369,64
lu,mkl,16384,16384,64,8x8,time,strong,2278,64
lu,mkl,16384,16384,64,8x8,time,strong,2320,64
lu,mkl,16384,16384,128,16x8,time,strong,3538,64
lu,mkl,16384,16384,128,16x8,time,strong,3513,64
lu,mkl,16384,16384,128,16x8,time,strong,3304,64
lu,mkl,16384,16384,128,16x8,time,strong,3585,64
lu,mkl,16384,16384,128,16x8,time,strong,3359,64
lu,mkl,16384,16384,256,16x16,time,strong,2615,64
lu,mkl,16384,16384,256,16x16,time,strong,2747,64
lu,mkl,16384,16384,256,16x16,time,strong,2537,64
lu,mkl,16384,16384,256,16x16,time,strong,2586,64
lu,mkl,16384,16384,256,16x16,time,strong,2697,64
lu,mkl,16384,16384,512,32x16,time,strong,2832,512
lu,mkl,16384,16384,512,32x16,time,strong,2813,512
lu,mkl,16384,16384,512,32x16,time,strong,2856,512
lu,mkl,16384,16384,512,32x16,time,strong,2824,512
lu,mkl,16384,16384,512,32x16,time,strong,2794,512
lu,mkl,16384,16384,1024,32x32,time,strong,2972,64
lu,mkl,16384,16384,1024,32x32,time,strong,2906,64
lu,mkl,16384,16384,1024,32x32,time,strong,2616,64
lu,mkl,16384,16384,1024,32x32,time,strong,2578,64
lu,mkl,16384,16384,1024,32x32,time,strong,2755,64
lu,mkl,131072,131072,16,4x4,time,strong,464805,256
lu,mkl,131072,131072,16,4x4,time,strong,463624,256
lu,mkl,131072,131072,16,4x4,time,strong,463913,256
lu,mkl,131072,131072,16,4x4,time,strong,466166,256
lu,mkl,131072,131072,16,4x4,time,strong,464440,256
lu,mkl,131072,131072,32,8x4,time,strong,,
lu,mkl,131072,131072,32,8x4,time,strong,,
lu,mkl,131072,131072,32,8x4,time,strong,,
lu,mkl,131072,131072,32,8x4,time,strong,,
lu,mkl,131072,131072,32,8x4,time,strong,,
lu,mkl,131072,131072,64,8x8,time,strong,173751,256
lu,mkl,131072,131072,64,8x8,time,strong,174765,256
lu,mkl,131072,131072,64,8x8,time,strong,175550,256
lu,mkl,131072,131072,64,8x8,time,strong,176010,256
lu,mkl,131072,131072,64,8x8,time,strong,177401,256
lu,mkl,131072,131072,128,16x8,time,strong,114982,256
lu,mkl,131072,131072,128,16x8,time,strong,114560,256
lu,mkl,131072,131072,128,16x8,time,strong,115319,256
lu,mkl,131072,131072,128,16x8,time,strong,115521,256
lu,mkl,131072,131072,128,16x8,time,strong,117881,256
lu,mkl,131072,131072,256,16x16,time,strong,74454,128
lu,mkl,131072,131072,256,16x16,time,strong,75461,128
lu,mkl,131072,131072,256,16x16,time,strong,77384,128
lu,mkl,131072,131072,256,16x16,time,strong,79610,128
lu,mkl,131072,131072,256,16x16,time,strong,81304,128
lu,mkl,131072,131072,512,32x16,time,strong,76095,256
lu,mkl,131072,131072,512,32x16,time,strong,76925,256
lu,mkl,131072,131072,512,32x16,time,strong,75459,256
lu,mkl,131072,131072,512,32x16,time,strong,75456,256
lu,mkl,131072,131072,512,32x16,time,strong,75856,256
lu,mkl,131072,131072,1024,32x32,time,strong,49567,64
lu,mkl,131072,131072,1024,32x32,time,strong,50489,64
lu,mkl,131072,131072,1024,32x32,time,strong,50434,64
lu,mkl,131072,131072,1024,32x32,time,strong,50158,64
lu,mkl,131072,131072,1024,32x32,time,strong,50863,64
lu,slate,16384,16384,4,2x2,time,strong,5676,512
lu,slate,16384,16384,4,2x2,time,strong,5560,512
lu,slate,16384,16384,4,2x2,time,strong,5658,512
lu,slate,16384,16384,4,2x2,time,strong,5579,512
lu,slate,16384,16384,4,2x2,time,strong,5569,512
lu,slate,16384,16384,8,4x2,time,strong,5270,512
lu,slate,16384,16384,8,4x2,time,strong,5188,512
lu,slate,16384,16384,8,4x2,time,strong,5112,512
lu,slate,16384,16384,8,4x2,time,strong,5052,512
lu,slate,16384,16384,8,4x2,time,strong,5012,512
lu,slate,16384,16384,16,4x4,time,strong,3258,512
lu,slate,16384,16384,16,4x4,time,strong,3132,512
lu,slate,16384,16384,16,4x4,time,strong,3102,512
lu,slate,16384,16384,16,4x4,time,strong,3093,512
lu,slate,16384,16384,16,4x4,time,strong,3055,512
lu,slate,16384,16384,32,8x4,time,strong,3481,512
lu,slate,16384,16384,32,8x4,time,strong,3527,512
lu,slate,16384,16384,32,8x4,time,strong,3441,512
lu,slate,16384,16384,32,8x4,time,strong,3328,512
lu,slate,16384,16384,32,8x4,time,strong,3371,512
lu,slate,16384,16384,64,8x8,time,strong,2740,256
lu,slate,16384,16384,64,8x8,time,strong,2741,256
lu,slate,16384,16384,64,8x8,time,strong,2562,256
lu,slate,16384,16384,64,8x8,time,strong,2431,256
lu,slate,16384,16384,64,8x8,time,strong,2723,256
lu,slate,16384,16384,128,16x8,time,strong,2923,256
lu,slate,16384,16384,128,16x8,time,strong,2995,256
lu,slate,16384,16384,128,16x8,time,strong,2955,256
lu,slate,16384,16384,128,16x8,time,strong,2667,256
lu,slate,16384,16384,128,16x8,time,strong,2783,256
lu,slate,16384,16384,256,16x16,time,strong,2293,256
lu,slate,16384,16384,256,16x16,time,strong,2379,256
lu,slate,16384,16384,256,16x16,time,strong,2299,256
lu,slate,16384,16384,256,16x16,time,strong,2329,256
lu,slate,16384,16384,256,16x16,time,strong,2104,256
lu,slate,16384,16384,512,32x16,time,strong,2600,256
lu,slate,16384,16384,512,32x16,time,strong,2534,256
lu,slate,16384,16384,512,32x16,time,strong,2399,256
lu,slate,16384,16384,512,32x16,time,strong,2629,256
lu,slate,16384,16384,512,32x16,time,strong,2347,256
lu,slate,16384,16384,1024,32x32,time,strong,2428,256
lu,slate,16384,16384,1024,32x32,time,strong,2309,256
lu,slate,16384,16384,1024,32x32,time,strong,2207,256
lu,slate,16384,16384,1024,32x32,time,strong,2338,256
lu,slate,16384,16384,1024,32x32,time,strong,2154,256
lu,slate,131072,131072,16,4x4,time,strong,406158,256
lu,slate,131072,131072,16,4x4,time,strong,406289,256
lu,slate,131072,131072,16,4x4,time,strong,404063,256
lu,slate,131072,131072,16,4x4,time,strong,402505,256
lu,slate,131072,131072,16,4x4,time,strong,403130,256
lu,slate,131072,131072,32,8x4,time,strong,313954,512
lu,slate,131072,131072,32,8x4,time,strong,313999,512
lu,slate,131072,131072,32,8x4,time,strong,315001,512
lu,slate,131072,131072,32,8x4,time,strong,317085,512
lu,slate,131072,131072,32,8x4,time,strong,316890,512
lu,slate,131072,131072,64,8x8,time,strong,176493,512
lu,slate,131072,131072,64,8x8,time,strong,172342,512
lu,slate,131072,131072,64,8x8,time,strong,171244,512
lu,slate,131072,131072,64,8x8,time,strong,173005,512
lu,slate,131072,131072,64,8x8,time,strong,169635,512
lu,slate,131072,131072,128,16x8,time,strong,160502,512
lu,slate,131072,131072,128,16x8,time,strong,157268,512
lu,slate,131072,131072,128,16x8,time,strong,153668,512
lu,slate,131072,131072,128,16x8,time,strong,154048,512
lu,slate,131072,131072,128,16x8,time,strong,153684,512
lu,slate,131072,131072,256,16x16,time,strong,66152,512
lu,slate,131072,131072,256,16x16,time,strong,65805,512
lu,slate,131072,131072,256,16x16,time,strong,65354,512
lu,slate,131072,131072,256,16x16,time,strong,64664,512
lu,slate,131072,131072,256,16x16,time,strong,65039,512
lu,slate,131072,131072,512,32x16,time,strong,53164,512
lu,slate,131072,131072,512,32x16,time,strong,52586,512
lu,slate,131072,131072,512,32x16,time,strong,52592,512
lu,slate,131072,131072,512,32x16,time,strong,52829,512
lu,slate,131072,131072,512,32x16,time,strong,52537,512
lu,slate,131072,131072,1024,32x32,time,strong,39997,512
lu,slate,131072,131072,1024,32x32,time,strong,39913,512
lu,slate,131072,131072,1024,32x32,time,strong,39880,512
lu,slate,131072,131072,1024,32x32,time,strong,39850,512
lu,slate,131072,131072,1024,32x32,time,strong,39765,512
lu,slate,2048,1024,4,2x2,time,weak,118,
lu,slate,2048,1024,4,2x2,time,weak,113,
lu,slate,2048,1024,4,2x2,time,weak,108,
lu,slate,2048,1024,4,2x2,time,weak,114,
lu,slate,2048,1024,4,2x2,time,weak,99,
lu,slate,4096,1024,16,4x4,time,weak,408,
lu,slate,4096,1024,16,4x4,time,weak,375,
lu,slate,4096,1024,16,4x4,time,weak,354,
lu,slate,4096,1024,16,4x4,time,weak,329,
lu,slate,4096,1024,16,4x4,time,weak,337,
lu,slate,8192,1024,64,8x8,time,weak,1168,
lu,slate,8192,1024,64,8x8,time,weak,1099,
lu,slate,8192,1024,64,8x8,time,weak,1107,
lu,slate,8192,1024,64,8x8,time,weak,1006,
lu,slate,8192,1024,64,8x8,time,weak,1049,
lu,slate,16384,1024,256,16x16,time,weak,2203,
lu,slate,16384,1024,256,16x16,time,weak,2141,
lu,slate,16384,1024,256,16x16,time,weak,2100,
lu,slate,16384,1024,256,16x16,time,weak,2068,
lu,slate,16384,1024,256,16x16,time,weak,2041,
lu,slate,32768,1024,1024,32x32,time,weak,2265,
lu,slate,32768,1024,1024,32x32,time,weak,2239,
lu,slate,32768,1024,1024,32x32,time,weak,2216,
lu,slate,32768,1024,1024,32x32,time,weak,2195,
lu,slate,32768,1024,1024,32x32,time,weak,2135,
lu,slate,16384,8192,4,2x2,time,weak,5548,
lu,slate,16384,8192,4,2x2,time,weak,5521,
lu,slate,16384,8192,4,2x2,time,weak,5452,
lu,slate,16384,8192,4,2x2,time,weak,5453,
lu,slate,16384,8192,4,2x2,time,weak,5524,
lu,slate,32768,8192,16,4x4,time,weak,12262,
lu,slate,32768,8192,16,4x4,time,weak,12211,
lu,slate,32768,8192,16,4x4,time,weak,12110,
lu,slate,32768,8192,16,4x4,time,weak,12197,
lu,slate,32768,8192,16,4x4,time,weak,12266,
lu,slate,65536,8192,64,8x8,time,weak,31165,
lu,slate,65536,8192,64,8x8,time,weak,31787,
lu,slate,65536,8192,64,8x8,time,weak,31606,
lu,slate,65536,8192,64,8x8,time,weak,31483,
lu,slate,65536,8192,64,8x8,time,weak,31034,
lu,slate,131072,8192,256,16x16,time,weak,60093,
lu,slate,131072,8192,256,16x16,time,weak,59576,
lu,slate,131072,8192,256,16x16,time,weak,59857,
lu,slate,131072,8192,256,16x16,time,weak,59260,
lu,slate,131072,8192,256,16x16,time,weak,59451,
lu,slate,262144,8192,1024,32x32,time,weak,,
lu,slate,262144,8192,1024,32x32,time,weak,,
lu,slate,262144,8192,1024,32x32,time,weak,,
lu,slate,262144,8192,1024,32x32,time,weak,,
lu,slate,262144,8192,1024,32x32,time,weak,,
lu,mkl,2048,1024,4,2x2,time,weak,150,128
lu,mkl,2048,1024,4,2x2,time,weak,164,128
lu,mkl,2048,1024,4,2x2,time,weak,200,128
lu,mkl,2048,1024,4,2x2,time,weak,190,128
lu,mkl,2048,1024,4,2x2,time,weak,159,128
lu,mkl,4096,1024,16,4x4,time,weak,335,128
lu,mkl,4096,1024,16,4x4,time,weak,332,128
lu,mkl,4096,1024,16,4x4,time,weak,335,128
lu,mkl,4096,1024,16,4x4,time,weak,332,128
lu,mkl,4096,1024,16,4x4,time,weak,338,128
lu,mkl,8192,1024,64,8x8,time,weak,1153,64
lu,mkl,8192,1024,64,8x8,time,weak,1084,64
lu,mkl,8192,1024,64,8x8,time,weak,1072,64
lu,mkl,8192,1024,64,8x8,time,weak,1104,64
lu,mkl,8192,1024,64,8x8,time,weak,1035,64
lu,mkl,16384,1024,256,16x16,time,weak,2483,128
lu,mkl,16384,1024,256,16x16,time,weak,2431,128
lu,mkl,16384,1024,256,16x16,time,weak,2443,128
lu,mkl,16384,1024,256,16x16,time,weak,2435,128
lu,mkl,16384,1024,256,16x16,time,weak,2471,128
lu,mkl,32768,1024,1024,32x32,time,weak,5428,128
lu,mkl,32768,1024,1024,32x32,time,weak,5505,128
lu,mkl,32768,1024,1024,32x32,time,weak,5298,128
lu,mkl,32768,1024,1024,32x32,time,weak,5478,128
lu,mkl,32768,1024,1024,32x32,time,weak,5456,128
lu,mkl,16384,8192,4,2x2,time,weak,6305,128
lu,mkl,16384,8192,4,2x2,time,weak,6289,128
lu,mkl,16384,8192,4,2x2,time,weak,6287,128
lu,mkl,16384,8192,4,2x2,time,weak,6407,128
lu,mkl,16384,8192,4,2x2,time,weak,6456,128
lu,mkl,32768,8192,16,4x4,time,weak,13641,128
lu,mkl,32768,8192,16,4x4,time,weak,13790,128
lu,mkl,32768,8192,16,4x4,time,weak,14096,128
lu,mkl,32768,8192,16,4x4,time,weak,14071,128
lu,mkl,32768,8192,16,4x4,time,weak,13610,128
lu,mkl,65536,8192,64,8x8,time,weak,37442,512
lu,mkl,65536,8192,64,8x8,time,weak,36746,512
lu,mkl,65536,8192,64,8x8,time,weak,35794,512
lu,mkl,65536,8192,64,8x8,time,weak,32926,512
lu,mkl,65536,8192,64,8x8,time,weak,33219,512
lu,mkl,131072,8192,256,16x16,time,weak,71490,256
lu,mkl,131072,8192,256,16x16,time,weak,73052,256
lu,mkl,131072,8192,256,16x16,time,weak,72263,256
lu,mkl,131072,8192,256,16x16,time,weak,74279,256
lu,mkl,131072,8192,256,16x16,time,weak,74067,256
lu,mkl,262144,8192,1024,32x32,time,weak,157060,256
lu,mkl,262144,8192,1024,32x32,time,weak,159338,256
lu,mkl,262144,8192,1024,32x32,time,weak,162005,256
lu,mkl,262144,8192,1024,32x32,time,weak,167219,256
lu,mkl,262144,8192,1024,32x32,time,weak,169524,256
lu,candmc,16384,16384,4,2x2x1,time,strong,8588,32-512
lu,candmc,16384,16384,4,2x2x1,time,strong,8400,32-512
lu,candmc,16384,16384,4,2x2x1,time,strong,8474,32-512
lu,candmc,16384,16384,4,2x2x1,time,strong,8476,32-512
lu,candmc,16384,16384,4,2x2x1,time,strong,8395,32-512
lu,candmc,16384,16384,8,2x2x2,time,strong,3482,32-512
lu,candmc,16384,16384,8,2x2x2,time,strong,3512,32-512
lu,candmc,16384,16384,8,2x2x2,time,strong,3524,32-512
lu,candmc,16384,16384,8,2x2x2,time,strong,3789,32-512
lu,candmc,16384,16384,8,2x2x2,time,strong,3792,32-512
lu,candmc,16384,16384,16,4x4x1,time,strong,3131,32-512
lu,candmc,16384,16384,16,4x4x1,time,strong,3055,32-512
lu,candmc,16384,16384,16,4x4x1,time,strong,3083,32-512
lu,candmc,16384,16384,16,4x4x1,time,strong,3126,32-512
lu,candmc,16384,16384,16,4x4x1,time,strong,3150,32-512
lu,candmc,16384,16384,32,4x4x2,time,strong,1611,32-512
lu,candmc,16384,16384,32,4x4x2,time,strong,1547,32-512
lu,candmc,16384,16384,32,4x4x2,time,strong,1573,32-512
lu,candmc,16384,16384,32,4x4x2,time,strong,1571,32-512
lu,candmc,16384,16384,32,4x4x2,time,strong,1619,32-512
lu,candmc,16384,16384,64,8x8x1,time,strong,1341,32-512
lu,candmc,16384,16384,64,8x8x1,time,strong,1446,32-512
lu,candmc,16384,16384,64,8x8x1,time,strong,1351,32-512
lu,candmc,16384,16384,64,8x8x1,time,strong,1472,32-512
lu,candmc,16384,16384,64,8x8x1,time,strong,1318,32-512
lu,candmc,16384,16384,128,8x8x2,time,strong,1108,32-512
lu,candmc,16384,16384,128,8x8x2,time,strong,1189,32-512
lu,candmc,16384,16384,128,8x8x2,time,strong,1202,32-512
lu,candmc,16384,16384,128,8x8x2,time,strong,1112,32-512
lu,candmc,16384,16384,128,8x8x2,time,strong,1120,32-512
lu,candmc,16384,16384,256,8x8x4,time,strong,1477,32-512
lu,candmc,16384,16384,256,8x8x4,time,strong,1596,32-512
lu,candmc,16384,16384,256,8x8x4,time,strong,1352,32-512
lu,candmc,16384,16384,256,8x8x4,time,strong,1367,32-512
lu,candmc,16384,16384,256,8x8x4,time,strong,1666,32-512
lu,candmc,16384,16384,512,16x16x2,time,strong,1502,32-512
lu,candmc,16384,16384,512,16x16x2,time,strong,1451,32-512
lu,candmc,16384,16384,512,16x16x2,time,strong,1599,32-512
lu,candmc,16384,16384,512,16x16x2,time,strong,1526,32-512
lu,candmc,16384,16384,512,16x16x2,time,strong,1946,32-512
lu,candmc,16384,16384,1024,16x16x4,time,strong,1089,32-512
lu,candmc,16384,16384,1024,16x16x4,time,strong,1174,32-512
lu,candmc,16384,16384,1024,16x16x4,time,strong,1048,32-512
lu,candmc,16384,16384,1024,16x16x4,time,strong,1143,32-512
lu,candmc,16384,16384,1024,16x16x4,time,strong,1496,32-512
lu,candmc,131072,131072,16,4x4x1,time,strong,406376,32-512
lu,candmc,131072,131072,16,4x4x1,time,strong,404409,32-512
lu,candmc,131072,131072,16,4x4x1,time,strong,404647,32-512
lu,candmc,131072,131072,16,4x4x1,time,strong,405293,32-512
lu,candmc,131072,131072,16,4x4x1,time,strong,403776,32-512
lu,candmc,131072,131072,32,4x4x2,time,strong,181249,32-512
lu,candmc,131072,131072,32,4x4x2,time,strong,180030,32-512
lu,candmc,131072,131072,32,4x4x2,time,strong,180215,32-512
lu,candmc,131072,131072,32,4x4x2,time,strong,180918,32-512
lu,candmc,131072,131072,32,4x4x2,time,strong,180832,32-512
lu,candmc,131072,131072,64,4x4x4,time,strong,128462,32-512
lu,candmc,131072,131072,64,4x4x4,time,strong,126823,32-512
lu,candmc,131072,131072,64,4x4x4,time,strong,127674,32-512
lu,candmc,131072,131072,64,4x4x4,time,strong,127160,32-512
lu,candmc,131072,131072,64,4x4x4,time,strong,128055,32-512
lu,candmc,131072,131072,128,8x8x2,time,strong,79412,32-512
lu,candmc,131072,131072,128,8x8x2,time,strong,79436,32-512
lu,candmc,131072,131072,128,8x8x2,time,strong,80125,32-512
lu,candmc,131072,131072,128,8x8x2,time,strong,81608,32-512
lu,candmc,131072,131072,128,8x8x2,time,strong,79513,32-512
lu,candmc,131072,131072,256,8x8x4,time,strong,49259,32-512
lu,candmc,131072,131072,256,8x8x4,time,strong,49276,32-512
lu,candmc,131072,131072,256,8x8x4,time,strong,50025,32-512
lu,candmc,131072,131072,256,8x8x4,time,strong,48342,32-512
lu,candmc,131072,131072,256,8x8x4,time,strong,49426,32-512
lu,candmc,131072,131072,512,8x8x8,time,strong,39741,32-512
lu,candmc,131072,131072,512,8x8x8,time,strong,38134,32-512
lu,candmc,131072,131072,512,8x8x8,time,strong,39097,32-512
lu,candmc,131072,131072,512,8x8x8,time,strong,39712,32-512
lu,candmc,131072,131072,512,8x8x8,time,strong,37555,32-512
lu,candmc,131072,131072,1024,16x16x4,time,strong,33205,32-512
lu,candmc,131072,131072,1024,16x16x4,time,strong,33367,32-512
lu,candmc,131072,131072,1024,16x16x4,time,strong,32955,32-512
lu,candmc,131072,131072,1024,16x16x4,time,strong,32817,32-512
lu,candmc,131072,131072,1024,16x16x4,time,strong,33211,32-512
,,,,,,,,,
,,,,,,,,,
cholesky,slate,16384,16384,4,2x2,bytes,strong,2130706432,128
cholesky,slate,16384,16384,4,2x2,bytes,strong,2113929216,256
cholesky,slate,16384,16384,4,2x2,bytes,strong,2080374784,512
cholesky,slate,16384,16384,8,4x2,bytes,strong,4211605504,128
cholesky,slate,16384,16384,8,4x2,bytes,strong,4129292288,256
cholesky,slate,16384,16384,8,4x2,bytes,strong,3967811584,512
cholesky,slate,16384,16384,16,4x4,bytes,strong,6292504576,128
cholesky,slate,16384,16384,16,4x4,bytes,strong,6144655360,256
cholesky,slate,16384,16384,16,4x4,bytes,strong,5855248384,512
cholesky,slate,16384,16384,32,8x4,bytes,strong,10258743296,128
cholesky,slate,16384,16384,32,8x4,bytes,strong,9795796992,256
cholesky,slate,16384,16384,32,8x4,bytes,strong,8917090304,512
cholesky,slate,16384,16384,64,8x8,bytes,strong,14224982016,128
cholesky,slate,16384,16384,64,8x8,bytes,strong,13446938624,256
cholesky,slate,16384,16384,64,8x8,bytes,strong,11978932224,512
cholesky,slate,16384,16384,128,16x8,bytes,strong,21404581888,128
cholesky,slate,16384,16384,128,16x8,bytes,strong,19348324352,256
cholesky,slate,16384,16384,128,16x8,bytes,strong,15720251392,512
cholesky,slate,16384,16384,256,16x16,bytes,strong,28584181760,128
cholesky,slate,16384,16384,256,16x16,bytes,strong,25249710080,256
cholesky,slate,16384,16384,256,16x16,bytes,strong,19461570560,512
cholesky,slate,16384,16384,512,32x16,bytes,strong,40166752256,128
cholesky,slate,16384,16384,512,32x16,bytes,strong,32388415488,256
cholesky,slate,16384,16384,512,32x16,bytes,strong,21172846592,512
cholesky,slate,16384,16384,1024,32x32,bytes,strong,51749322752,128
cholesky,slate,16384,16384,1024,32x32,bytes,strong,39527120896,256
cholesky,slate,16384,16384,1024,32x32,bytes,strong,22884122624,512
cholesky,slate,131072,131072,16,4x4,bytes,strong,411109949440,128
cholesky,slate,131072,131072,16,4x4,bytes,strong,409905135616,256
cholesky,slate,131072,131072,16,4x4,bytes,strong,407501799424,512
cholesky,slate,131072,131072,32,8x4,bytes,strong,683310317568,128
cholesky,slate,131072,131072,32,8x4,bytes,strong,679441596416,256
cholesky,slate,131072,131072,32,8x4,bytes,strong,671751340032,512
cholesky,slate,131072,131072,64,8x8,bytes,strong,955510685696,128
cholesky,slate,131072,131072,64,8x8,bytes,strong,948978057216,256
cholesky,slate,131072,131072,64,8x8,bytes,strong,936000880640,512
cholesky,slate,131072,131072,128,16x8,bytes,strong,1493521399808,128
cholesky,slate,131072,131072,128,16x8,bytes,strong,1475375792128,256
cholesky,slate,131072,131072,128,16x8,bytes,strong,1439569018880,512
cholesky,slate,131072,131072,256,16x16,bytes,strong,2031532113920,128
cholesky,slate,131072,131072,256,16x16,bytes,strong,2001773527040,256
cholesky,slate,131072,131072,256,16x16,bytes,strong,1943137157120,512
cholesky,slate,131072,131072,512,32x16,bytes,strong,3082228334592,128
cholesky,slate,131072,131072,512,32x16,bytes,strong,3004807774208,256
cholesky,slate,131072,131072,512,32x16,bytes,strong,2854307758080,512
cholesky,slate,131072,131072,1024,32x32,bytes,strong,4132924555264,128
cholesky,slate,131072,131072,1024,32x32,bytes,strong,4007842021376,256
cholesky,slate,131072,131072,1024,32x32,bytes,strong,3765478359040,512
cholesky,slate,2048,1024,4,2x2,bytes,weak,31457280,128
cholesky,slate,2048,1024,4,2x2,bytes,weak,29360128,256
cholesky,slate,2048,1024,4,2x2,bytes,weak,25165824,512
cholesky,slate,4096,1024,16,4x4,bytes,weak,365953024,128
cholesky,slate,4096,1024,16,4x4,bytes,weak,331350016,256
cholesky,slate,4096,1024,16,4x4,bytes,weak,268435456,512
cholesky,slate,8192,1024,64,8x8,bytes,weak,3361734656,128
cholesky,slate,8192,1024,64,8x8,bytes,weak,2994733056,256
cholesky,slate,8192,1024,64,8x8,bytes,weak,2348810240,512
cholesky,slate,16384,1024,256,16x16,bytes,weak,28584181760,128
cholesky,slate,16384,1024,256,16x16,bytes,weak,25249710080,256
cholesky,slate,16384,1024,256,16x16,bytes,weak,19461570560,512
cholesky,slate,32768,1024,1024,32x32,bytes,weak,235342397440,128
cholesky,slate,32768,1024,1024,32x32,bytes,weak,206997291008,256
cholesky,slate,32768,1024,1024,32x32,bytes,weak,158108483584,512
cholesky,slate,16384,8192,4,2x2,bytes,weak,2130706432,128
cholesky,slate,16384,8192,4,2x2,bytes,weak,2113929216,256
cholesky,slate,16384,8192,4,2x2,bytes,weak,2080374784,512
cholesky,slate,32768,8192,16,4x4,bytes,weak,25468862464,128
cholesky,slate,32768,8192,16,4x4,bytes,weak,25170018304,256
cholesky,slate,32768,8192,16,4x4,bytes,weak,24578621440,512
cholesky,slate,65536,8192,64,8x8,bytes,weak,237244514304,128
cholesky,slate,65536,8192,64,8x8,bytes,weak,234000220160,256
cholesky,slate,65536,8192,64,8x8,bytes,weak,227599712256,512
cholesky,slate,131072,8192,256,16x16,bytes,weak,2031532113920,128
cholesky,slate,131072,8192,256,16x16,bytes,weak,2001773527040,256
cholesky,slate,131072,8192,256,16x16,bytes,weak,1943137157120,512
cholesky,slate,262144,8192,1024,32x32,bytes,weak,16785763991552,128
cholesky,slate,262144,8192,1024,32x32,bytes,weak,16531698221056,256
cholesky,slate,262144,8192,1024,32x32,bytes,weak,16031368085504,512
lu,slate,16384,16384,4,2x2,bytes,strong,4309310464,128
lu,slate,16384,16384,4,2x2,bytes,strong,4329158656,256
lu,slate,16384,16384,4,2x2,bytes,strong,4294275072,512
lu,slate,16384,16384,8,4x2,bytes,strong,7525812224,128
lu,slate,16384,16384,8,4x2,bytes,strong,7500566528,256
lu,slate,16384,16384,8,4x2,bytes,strong,7495688192,512
lu,slate,16384,16384,16,4x4,bytes,strong,9684699136,128
lu,slate,16384,16384,16,4x4,bytes,strong,9710178304,256
lu,slate,16384,16384,16,4x4,bytes,strong,9690095616,512
lu,slate,16384,16384,32,8x4,bytes,strong,14513000448,128
lu,slate,16384,16384,32,8x4,bytes,strong,14460231680,256
lu,slate,16384,16384,32,8x4,bytes,strong,14345256960,512
lu,slate,16384,16384,64,8x8,bytes,strong,18817929216,128
lu,slate,16384,16384,64,8x8,bytes,strong,18803695616,256
lu,slate,16384,16384,64,8x8,bytes,strong,18630787072,512
lu,slate,16384,16384,128,16x8,bytes,strong,27663441920,128
lu,slate,16384,16384,128,16x8,bytes,strong,27417460736,256
lu,slate,16384,16384,128,16x8,bytes,strong,26333315072,512
lu,slate,16384,16384,256,16x16,bytes,strong,36281163776,128
lu,slate,16384,16384,256,16x16,bytes,strong,35856400384,256
lu,slate,16384,16384,256,16x16,bytes,strong,33976647680,512
lu,slate,16384,16384,512,32x16,bytes,strong,53183332352,128
lu,slate,16384,16384,512,32x16,bytes,strong,50903810048,256
lu,slate,16384,16384,512,32x16,bytes,strong,41729458176,512
lu,slate,16384,16384,1024,32x32,bytes,strong,70005374976,128
lu,slate,16384,16384,1024,32x32,bytes,strong,65979449344,256
lu,slate,16384,16384,1024,32x32,bytes,strong,49570447360,512
lu,slate,131072,131072,16,4x4,bytes,strong,618745612288,128
lu,slate,131072,131072,32,8x4,bytes,strong,928075141120,128
lu,slate,131072,131072,32,8x4,bytes,strong,927692857344,256
lu,slate,131072,131072,32,8x4,bytes,strong,927670681600,512
lu,slate,131072,131072,64,8x8,bytes,strong,1202960125952,128
lu,slate,131072,131072,64,8x8,bytes,strong,1203771383808,256
lu,slate,131072,131072,64,8x8,bytes,strong,1203571998720,512
lu,slate,131072,131072,128,16x8,bytes,strong,1770214039552,128
lu,slate,131072,131072,128,16x8,bytes,strong,1770098343936,256
lu,slate,131072,131072,128,16x8,bytes,strong,1769625780224,512
lu,slate,131072,131072,256,16x16,bytes,strong,2320734789632,128
lu,slate,131072,131072,256,16x16,bytes,strong,2321127129088,256
lu,slate,131072,131072,256,16x16,bytes,strong,2320205774848,512
lu,slate,131072,131072,512,32x16,bytes,strong,3430135971840,128
lu,slate,131072,131072,512,32x16,bytes,strong,3428242849792,256
lu,slate,131072,131072,512,32x16,bytes,strong,3420446851072,512
lu,slate,131072,131072,1024,32x32,bytes,strong,4530986631168,128
lu,slate,131072,131072,1024,32x32,bytes,strong,4528501063680,256
lu,slate,131072,131072,1024,32x32,bytes,strong,4515107766272,512
lu,slate,2048,1024,4,2x2,bytes,weak,66526208,128
lu,slate,2048,1024,4,2x2,bytes,weak,67336192,256
lu,slate,2048,1024,4,2x2,bytes,weak,67284992,512
lu,slate,4096,1024,16,4x4,bytes,weak,605014016,128
lu,slate,4096,1024,16,4x4,bytes,weak,603361280,256
lu,slate,4096,1024,16,4x4,bytes,weak,581312512,512
lu,slate,8192,1024,64,8x8,bytes,weak,4712091648,128
lu,slate,8192,1024,64,8x8,bytes,weak,4663648256,256
lu,slate,8192,1024,64,8x8,bytes,weak,4461117440,512
lu,slate,16384,1024,256,16x16,bytes,weak,36281163776,128
lu,slate,16384,1024,256,16x16,bytes,weak,35856400384,256
lu,slate,16384,1024,256,16x16,bytes,weak,33976647680,512
lu,slate,32768,1024,1024,32x32,bytes,weak,282877050880,128
lu,slate,32768,1024,1024,32x32,bytes,weak,279088103424,256
lu,slate,32768,1024,1024,32x32,bytes,weak,263117406208,512
lu,slate,16384,8192,4,2x2,bytes,weak,4309310464,128
lu,slate,16384,8192,4,2x2,bytes,weak,4329158656,256
lu,slate,16384,8192,4,2x2,bytes,weak,4294275072,512
lu,slate,32768,8192,16,4x4,bytes,weak,38698534912,128
lu,slate,32768,8192,16,4x4,bytes,weak,38743674880,256
lu,slate,32768,8192,16,4x4,bytes,weak,38794371072,512
lu,slate,65536,8192,64,8x8,bytes,weak,300847124480,128
lu,slate,65536,8192,64,8x8,bytes,weak,301037625344,256
lu,slate,65536,8192,64,8x8,bytes,weak,300909543424,512
lu,slate,131072,8192,256,16x16,bytes,weak,2320734789632,128
lu,slate,131072,8192,256,16x16,bytes,weak,2321127129088,256
lu,slate,131072,8192,256,16x16,bytes,weak,2320205774848,512
lu,slate,262144,8192,1024,32x32,bytes,weak,18117650104320,128
lu,slate,262144,8192,1024,32x32,bytes,weak,18116345233408,256
lu,slate,262144,8192,1024,32x32,bytes,weak,18106204618752,512
,,,,,,,,,
cholesky,mkl,16384,16384,4,2x2,bytes,strong,2155746560,64
cholesky,mkl,16384,16384,4,2x2,bytes,strong,2163739392,128
cholesky,mkl,16384,16384,4,2x2,bytes,strong,2138310144,256
cholesky,mkl,16384,16384,4,2x2,bytes,strong,2119697280,512
cholesky,mkl,16384,16384,8,4x2,bytes,strong,3237953568,64
cholesky,mkl,16384,16384,8,4x2,bytes,strong,4039098400,128
cholesky,mkl,16384,16384,8,4x2,bytes,strong,4043292704,256
cholesky,mkl,16384,16384,8,4x2,bytes,strong,4051681312,512
cholesky,mkl,16384,16384,16,4x4,bytes,strong,6450467584,64
cholesky,mkl,16384,16384,16,4x4,bytes,strong,6457666816,128
cholesky,mkl,16384,16384,16,4x4,bytes,strong,6413883904,256
cholesky,mkl,16384,16384,16,4x4,bytes,strong,6356996224,512
cholesky,mkl,16384,16384,32,8x4,bytes,strong,10679648896,64
cholesky,mkl,16384,16384,32,8x4,bytes,strong,10676306560,128
cholesky,mkl,16384,16384,32,8x4,bytes,strong,10677486208,256
cholesky,mkl,16384,16384,32,8x4,bytes,strong,10682401408,512
cholesky,mkl,16384,16384,64,8x8,bytes,strong,15039948800,64
cholesky,mkl,16384,16384,64,8x8,bytes,strong,15045548544,128
cholesky,mkl,16384,16384,64,8x8,bytes,strong,14968197888,256
cholesky,mkl,16384,16384,64,8x8,bytes,strong,14850486144,512
cholesky,mkl,16384,16384,128,16x8,bytes,strong,25731052544,64
cholesky,mkl,16384,16384,128,16x8,bytes,strong,25755657728,128
cholesky,mkl,16384,16384,128,16x8,bytes,strong,24613068544,256
cholesky,mkl,16384,16384,128,16x8,bytes,strong,24551971712,512
cholesky,mkl,16384,16384,256,16x16,bytes,strong,,64
cholesky,mkl,16384,16384,256,16x16,bytes,strong,,128
cholesky,mkl,16384,16384,256,16x16,bytes,strong,,256
cholesky,mkl,16384,16384,256,16x16,bytes,strong,,512
cholesky,mkl,16384,16384,512,32x16,bytes,strong,,64
cholesky,mkl,16384,16384,512,32x16,bytes,strong,,128
cholesky,mkl,16384,16384,512,32x16,bytes,strong,,256
cholesky,mkl,16384,16384,512,32x16,bytes,strong,,512
cholesky,mkl,16384,16384,1024,32x32,bytes,strong,66581642240,64
cholesky,mkl,16384,16384,1024,32x32,bytes,strong,66577300992,128
cholesky,mkl,16384,16384,1024,32x32,bytes,strong,66386452224,256
cholesky,mkl,16384,16384,1024,32x32,bytes,strong,66319732608,512
cholesky,mkl,131072,131072,16,4x4,bytes,strong,412383733504,64
cholesky,mkl,131072,131072,16,4x4,bytes,strong,412449584896,128
cholesky,mkl,131072,131072,16,4x4,bytes,strong,412112166656,256
cholesky,mkl,131072,131072,32,8x4,bytes,strong,682949465216,64
cholesky,mkl,131072,131072,32,8x4,bytes,strong,682989672064,128
cholesky,mkl,131072,131072,32,8x4,bytes,strong,682979645056,256
cholesky,mkl,131072,131072,32,8x4,bytes,strong,682990032000,512
cholesky,mkl,131072,131072,64,8x8,bytes,strong,962139466752,64
cholesky,mkl,131072,131072,64,8x8,bytes,strong,962203532288,128
cholesky,mkl,131072,131072,64,8x8,bytes,strong,961597572096,256
cholesky,mkl,131072,131072,64,8x8,bytes,strong,960657713152,512
cholesky,mkl,131072,131072,128,16x8,bytes,strong,1510781981184,64
cholesky,mkl,131072,131072,128,16x8,bytes,strong,1510817436160,128
cholesky,mkl,131072,131072,128,16x8,bytes,strong,1510817436160,128
cholesky,mkl,131072,131072,128,16x8,bytes,strong,1510822351360,256
cholesky,mkl,131072,131072,128,16x8,bytes,strong,1510840734720,512
cholesky,mkl,131072,131072,256,16x16,bytes,strong,,64
cholesky,mkl,131072,131072,256,16x16,bytes,strong,,128
cholesky,mkl,131072,131072,256,16x16,bytes,strong,,256
cholesky,mkl,131072,131072,256,16x16,bytes,strong,,512
cholesky,mkl,131072,131072,512,32x16,bytes,strong,,64
cholesky,mkl,131072,131072,512,32x16,bytes,strong,,128
cholesky,mkl,131072,131072,512,32x16,bytes,strong,,256
cholesky,mkl,131072,131072,512,32x16,bytes,strong,,512
cholesky,mkl,131072,131072,1024,32x32,bytes,strong,4260683489280,64
cholesky,mkl,131072,131072,1024,32x32,bytes,strong,4260734087168,128
cholesky,mkl,131072,131072,1024,32x32,bytes,strong,4258603579392,256
cholesky,mkl,131072,131072,1024,32x32,bytes,strong,4254919638016,512
cholesky,mkl,2048,1024,4,2x2,bytes,weak,34472832,64
cholesky,mkl,2048,1024,4,2x2,bytes,weak,35127872,128
cholesky,mkl,2048,1024,4,2x2,bytes,weak,35127872,128
cholesky,mkl,2048,1024,4,2x2,bytes,weak,31719840,256
cholesky,mkl,2048,1024,4,2x2,bytes,weak,27787600,512
cholesky,mkl,4096,1024,16,4x4,bytes,weak,404363776,64
cholesky,mkl,4096,1024,16,4x4,bytes,weak,405278848,128
cholesky,mkl,4096,1024,16,4x4,bytes,weak,392956864,256
cholesky,mkl,4096,1024,16,4x4,bytes,weak,373819744,512
cholesky,mkl,8192,1024,64,8x8,bytes,weak,3761428992,64
cholesky,mkl,8192,1024,64,8x8,bytes,weak,3762852608,128
cholesky,mkl,8192,1024,64,8x8,bytes,weak,3723259776,256
cholesky,mkl,8192,1024,64,8x8,bytes,weak,3664272832,512
cholesky,mkl,16384,1024,256,16x16,bytes,weak,32219229184,64
cholesky,mkl,16384,1024,256,16x16,bytes,weak,32221580800,128
cholesky,mkl,16384,1024,256,16x16,bytes,weak,32089652992,256
cholesky,mkl,16384,1024,256,16x16,bytes,weak,31913195392,512
cholesky,mkl,32768,1024,1024,32x32,bytes,weak,266307090432,64
cholesky,mkl,32768,1024,1024,32x32,bytes,weak,266310597632,128
cholesky,mkl,32768,1024,1024,32x32,bytes,weak,265842654720,256
cholesky,mkl,32768,1024,1024,32x32,bytes,weak,265280085760,512
cholesky,mkl,16384,8192,4,2x2,bytes,weak,2155746560,64
cholesky,mkl,16384,8192,4,2x2,bytes,weak,2163739392,128
cholesky,mkl,16384,8192,4,2x2,bytes,weak,2163739392,128
cholesky,mkl,16384,8192,4,2x2,bytes,weak,2138310144,256
cholesky,mkl,16384,8192,4,2x2,bytes,weak,2119697280,512
cholesky,mkl,65536,8192,64,8x8,bytes,weak,240551115776,64
cholesky,mkl,65536,8192,64,8x8,bytes,weak,240581772288,128
cholesky,mkl,65536,8192,64,8x8,bytes,weak,240277874688,256
cholesky,mkl,65536,8192,64,8x8,bytes,weak,239807814144,512
cholesky,mkl,131072,8192,256,16x16,bytes,weak,2061651939328,64
cholesky,mkl,131072,8192,256,16x16,bytes,weak,2061712039936,128
cholesky,mkl,131072,8192,256,16x16,bytes,weak,2060581382144,256
cholesky,mkl,131072,8192,256,16x16,bytes,weak,2058643074048,512
cholesky,mkl,262144,8192,1024,32x32,bytes,weak,17042581913600,64
cholesky,mkl,262144,8192,1024,32x32,bytes,weak,17042695299072,128
cholesky,mkl,262144,8192,1024,32x32,bytes,weak,17038348038144,256
cholesky,mkl,262144,8192,1024,32x32,bytes,weak,17030502266880,512
lu,mkl,16384,16384,4,2x2,bytes,strong,5405872416,64
lu,mkl,16384,16384,4,2x2,bytes,strong,5543727392,128
lu,mkl,16384,16384,4,2x2,bytes,strong,5671223584,256
lu,mkl,16384,16384,4,2x2,bytes,strong,6580207904,512
lu,mkl,16384,16384,8,4x2,bytes,strong,8731931584,64
lu,mkl,16384,16384,8,4x2,bytes,strong,8888501184,128
lu,mkl,16384,16384,8,4x2,bytes,strong,9157321664,256
lu,mkl,16384,16384,8,4x2,bytes,strong,12019303360,512
lu,mkl,16384,16384,16,4x4,bytes,strong,13129246240,64
lu,mkl,16384,16384,16,4x4,bytes,strong,13411880480,128
lu,mkl,16384,16384,16,4x4,bytes,strong,13902147104,256
lu,mkl,16384,16384,16,4x4,bytes,strong,14519111200,512
lu,mkl,16384,16384,32,8x4,bytes,strong,22454057376,64
lu,mkl,16384,16384,32,8x4,bytes,strong,22890684832,128
lu,mkl,16384,16384,32,8x4,bytes,strong,23680143776,256
lu,mkl,16384,16384,32,8x4,bytes,strong,25635598752,512
lu,mkl,16384,16384,64,8x8,bytes,strong,27237691168,64
lu,mkl,16384,16384,64,8x8,bytes,strong,28105029408,128
lu,mkl,16384,16384,64,8x8,bytes,strong,29714769696,256
lu,mkl,16384,16384,64,8x8,bytes,strong,29256894240,512
lu,mkl,16384,16384,128,16x8,bytes,strong,49508237376,64
lu,mkl,16384,16384,128,16x8,bytes,strong,50828474432,128
lu,mkl,16384,16384,128,16x8,bytes,strong,53225424960,256
lu,mkl,16384,16384,128,16x8,bytes,strong,51426297920,512
lu,mkl,16384,16384,256,16x16,bytes,strong,,64
lu,mkl,16384,16384,256,16x16,bytes,strong,,128
lu,mkl,16384,16384,256,16x16,bytes,strong,,256
lu,mkl,16384,16384,256,16x16,bytes,strong,,512
lu,mkl,16384,16384,512,32x16,bytes,strong,,64
lu,mkl,16384,16384,512,32x16,bytes,strong,,128
lu,mkl,16384,16384,512,32x16,bytes,strong,,256
lu,mkl,16384,16384,512,32x16,bytes,strong,,512
lu,mkl,16384,16384,1024,32x32,bytes,strong,116575831168,64
lu,mkl,16384,16384,1024,32x32,bytes,strong,126550166656,128
lu,mkl,16384,16384,1024,32x32,bytes,strong,139674287232,256
lu,mkl,16384,16384,1024,32x32,bytes,strong,72930189312,512
lu,mkl,131072,131072,16,4x4,bytes,strong,755861723776,64
lu,mkl,131072,131072,16,4x4,bytes,strong,756148280960,128
lu,mkl,131072,131072,16,4x4,bytes,strong,756148280960,128
lu,mkl,131072,131072,16,4x4,bytes,strong,755716236928,256
lu,mkl,131072,131072,64,8x8,bytes,strong,1691812695840,64
lu,mkl,131072,131072,64,8x8,bytes,strong,1698216003360,128
lu,mkl,131072,131072,64,8x8,bytes,strong,1713079797536,256
lu,mkl,131072,131072,64,8x8,bytes,strong,1771516774176,512
lu,mkl,131072,131072,128,16x8,bytes,strong,3087584692288,64
lu,mkl,131072,131072,128,16x8,bytes,strong,3098380183616,128
lu,mkl,131072,131072,128,16x8,bytes,strong,3121428416576,256
lu,mkl,131072,131072,128,16x8,bytes,strong,3291417348160,512
lu,mkl,131072,131072,256,16x16,bytes,strong,,64
lu,mkl,131072,131072,256,16x16,bytes,strong,,128
lu,mkl,131072,131072,256,16x16,bytes,strong,,256
lu,mkl,131072,131072,256,16x16,bytes,strong,,512
lu,mkl,131072,131072,512,32x16,bytes,strong,,64
lu,mkl,131072,131072,512,32x16,bytes,strong,,128
lu,mkl,131072,131072,512,32x16,bytes,strong,,256
lu,mkl,131072,131072,512,32x16,bytes,strong,,512
lu,mkl,131072,131072,1024,32x32,bytes,strong,6765575826560,64
lu,mkl,131072,131072,1024,32x32,bytes,strong,6869226839168,128
lu,mkl,131072,131072,1024,32x32,bytes,strong,7069941333120,256
lu,mkl,131072,131072,1024,32x32,bytes,strong,6982085934208,512
lu,mkl,2048,1024,4,2x2,bytes,weak,91941152,64
lu,mkl,2048,1024,4,2x2,bytes,weak,100692256,128
lu,mkl,2048,1024,4,2x2,bytes,weak,113099040,256
lu,mkl,2048,1024,4,2x2,bytes,weak,108314912,512
lu,mkl,4096,1024,16,4x4,bytes,weak,866823712,64
lu,mkl,4096,1024,16,4x4,bytes,weak,923844128,128
lu,mkl,4096,1024,16,4x4,bytes,weak,1014451744,256
lu,mkl,4096,1024,16,4x4,bytes,weak,947392032,512
lu,mkl,8192,1024,64,8x8,bytes,weak,7031428896,64
lu,mkl,8192,1024,64,8x8,bytes,weak,7435564832,128
lu,mkl,8192,1024,64,8x8,bytes,weak,8109631264,256
lu,mkl,8192,1024,64,8x8,bytes,weak,7476135712,512
lu,mkl,16384,1024,256,16x16,bytes,weak,55740364352,64
lu,mkl,16384,1024,256,16x16,bytes,weak,58754719296,128
lu,mkl,16384,1024,256,16x16,bytes,weak,63898345024,256
lu,mkl,16384,1024,256,16x16,bytes,weak,58318134848,512
lu,mkl,32768,1024,1024,32x32,bytes,weak,442321781888,64
lu,mkl,32768,1024,1024,32x32,bytes,weak,465716542592,128
lu,mkl,32768,1024,1024,32x32,bytes,weak,505600302208,256
lu,mkl,32768,1024,1024,32x32,bytes,weak,457862839424,512
lu,mkl,16384,8192,4,2x2,bytes,weak,5405872416,64
lu,mkl,16384,8192,4,2x2,bytes,weak,5543727392,128
lu,mkl,16384,8192,4,2x2,bytes,weak,5671223584,256
lu,mkl,16384,8192,4,2x2,bytes,weak,6580207904,512
lu,mkl,65536,8192,64,8x8,bytes,weak,424618686240,64
lu,mkl,65536,8192,64,8x8,bytes,weak,428268377888,128
lu,mkl,65536,8192,64,8x8,bytes,weak,435502130976,256
lu,mkl,65536,8192,64,8x8,bytes,weak,447343544096,512
lu,mkl,131072,8192,256,16x16,bytes,weak,3378283959872,64
lu,mkl,131072,8192,256,16x16,bytes,weak,3405447736896,128
lu,mkl,131072,8192,256,16x16,bytes,weak,3459657752128,256
lu,mkl,131072,8192,256,16x16,bytes,weak,3489917574720,512
lu,mkl,262144,8192,1024,32x32,bytes,weak,26846120561792,64
lu,mkl,262144,8192,1024,32x32,bytes,weak,27057919876224,128
lu,mkl,262144,8192,1024,32x32,bytes,weak,27472810040448,256
lu,mkl,262144,8192,1024,32x32,bytes,weak,27451296087168,512
