"","algorithm","library","N","N_base","P","grid","unit","type","blocksize","case","algLabel","mShape","scaling","value","chol_vers","V","time","flops","commVolModel","commModelRatio"
"1","cholesky","candmc",16384,"16384",8,"2x2x2","time","strong","1","cholesky_16384","CANDMC/CAPITAL [cite] ","cholesky","$2^{14}$",2586.4,NA,4631.068672,2586.4,11.7207817568532,2684.35456,1.72520751953125
"2","cholesky","candmc",16384,"16384",64,"4x4x4","time","strong","1","cholesky_16384","CANDMC/CAPITAL [cite] ","cholesky","$2^{14}$",732.2,NA,2046.875,732.2,5.1752646025548,671.08864,3.05008143186569
"3","cholesky","candmc",32768,"8192",8,"2x2x2","time","weak","1","cholesky_8192","CANDMC/CAPITAL [cite] ","cholesky","$2^{13} \cdot \sqrt{P}$",23595,NA,18500,23595,10.2783233518712,10737.41824,1.72294676303864
"4","cholesky","candmc",65536,"8192",64,"4x4x4","time","weak","1","cholesky_8192","CANDMC/CAPITAL [cite] ","cholesky","$2^{13} \cdot \sqrt{P}$",21282.2,NA,32812.5,21282.2,11.3952993340632,10737.41824,3.05590219795704
"5","cholesky","candmc",131072,"131072",512,"8x8x8","time","strong","1","cholesky_131072","CANDMC/CAPITAL [cite] ","cholesky","$2^{17}$",19018.8,NA,55859.375,19018.8,12.751437498023,10737.41824,5.20230969414115
"6","cholesky","candmc",131072,"8192",216,"6x6x6","time","weak","1","cholesky_8192","CANDMC/CAPITAL [cite] ","cholesky","$2^{13} \cdot \sqrt{P}$",42733.4,NA,80555.5555555555,42733.4,13.452128890069,19088.7435377778,4.22005541622639
"7","cholesky","conflux",2048,"1024",4,"2x2","time","weak","256","cholesky_1024","COnfLUX/PsyChol (this work) ","cholesky","$2^{10} \cdot \sqrt{P}$",12,NA,21.102592,12,9.86804359893392,13.3160851637489,1.5847444455709
"8","cholesky","conflux",2048,"2048",8,"2x2x2","time","other","256","cholesky_2048","COnfLUX/PsyChol (this work) ","cholesky","ERROR!",20,NA,NA,20,2.96041307968018,8.388608,NA
"9","cholesky","conflux",2048,"2048",16,"4x4x1","time","other","128","cholesky_2048","COnfLUX/PsyChol (this work) ","cholesky","ERROR!",12.6666666666667,NA,NA,12.6666666666667,2.33716822080014,5.28449189925827,NA
"10","cholesky","conflux",2048,"2048",32,"4x4x2","time","other","128","cholesky_2048","COnfLUX/PsyChol (this work) ","cholesky","ERROR!",21.6666666666667,NA,NA,21.6666666666667,0.683172249156964,3.32902129093721,NA
"11","cholesky","conflux",2048,"2048",64,"8x8x1","time","other","128","cholesky_2048","COnfLUX/PsyChol (this work) ","cholesky","ERROR!",17.5,NA,NA,17.5,0.422916154240025,2.097152,NA
"12","cholesky","conflux",4096,"1024",16,"4x4","time","weak","128","cholesky_1024","COnfLUX/PsyChol (this work) ","cholesky","$2^{10} \cdot \sqrt{P}$",45.2,NA,41.28768,45.2,5.23966916757553,21.1379675970331,1.953247388164
"13","cholesky","conflux",4096,"4096",4,"2x2x1","time","other","256","cholesky_4096","COnfLUX/PsyChol (this work) ","cholesky","ERROR!",53,NA,NA,53,17.8741921792011,53.2643406549954,NA
"14","cholesky","conflux",4096,"4096",8,"2x2x2","time","other","512","cholesky_4096","COnfLUX/PsyChol (this work) ","cholesky","ERROR!",66.4,NA,NA,66.4,7.13352549320524,33.554432,NA
"15","cholesky","conflux",4096,"4096",32,"4x4x2","time","other","256","cholesky_4096","COnfLUX/PsyChol (this work) ","cholesky","ERROR!",64.8,NA,NA,64.8,1.82741548128406,13.3160851637489,NA
"16","cholesky","conflux",4096,"4096",64,"8x8x1","time","other","128","cholesky_4096","COnfLUX/PsyChol (this work) ","cholesky","ERROR!",46.25,NA,NA,46.25,1.28017862905089,8.388608,NA
"17","cholesky","conflux",8192,"1024",64,"8x8","time","weak","128","cholesky_1024","COnfLUX/PsyChol (this work) ","cholesky","$2^{10} \cdot \sqrt{P}$",128.8,NA,56.623104,128.8,3.67753177600022,33.554432,1.6875
"18","cholesky","conflux",8192,"8192",4,"2x2x1","time","other","256","cholesky_8192","COnfLUX/PsyChol (this work) ","cholesky","$2^{13} \cdot \sqrt{P}$",222.8,NA,NA,222.8,34.015518330257,213.057362619982,NA
"19","cholesky","conflux",8192,"8192",8,"2x2x2","time","other","512","cholesky_8192","COnfLUX/PsyChol (this work) ","cholesky","$2^{13} \cdot \sqrt{P}$",243.4,NA,NA,243.4,15.5683185784331,134.217728,NA
"20","cholesky","conflux",8192,"8192",16,"4x4x1","time","other","256","cholesky_8192","COnfLUX/PsyChol (this work) ","cholesky","$2^{13} \cdot \sqrt{P}$",139.4,NA,NA,139.4,13.5915665064226,84.5518703881323,NA
"21","cholesky","conflux",8192,"8192",32,"4x4x2","time","other","256","cholesky_8192","COnfLUX/PsyChol (this work) ","cholesky","$2^{13} \cdot \sqrt{P}$",191,NA,NA,191,4.95985437433328,53.2643406549954,NA
"22","cholesky","conflux",16384,"1024",256,"16x16","time","weak","128","cholesky_1024","COnfLUX/PsyChol (this work) ","cholesky","$2^{10} \cdot \sqrt{P}$",413.4,NA,91.359232,413.4,2.29156309989757,53.2643406549954,1.71520441024049
"23","cholesky","conflux",16384,"16384",4,"2x2x1","time","strong","512","cholesky_16384","COnfLUX/PsyChol (this work) ","cholesky","$2^{14}$",1301,NA,1345.978368,1301,46.6020444825903,852.229450479927,1.57936148210089
"24","cholesky","conflux",16384,"16384",8,"2x2x2","time","strong","512","cholesky_16384","COnfLUX/PsyChol (this work) ","cholesky","$2^{14}$",1050.8,NA,821.624832,1050.8,28.8490958659355,536.870912,1.5303955078125
"25","cholesky","conflux",16384,"16384",16,"4x4x1","time","strong","512","cholesky_16384","COnfLUX/PsyChol (this work) ","cholesky","$2^{14}$",627.4,NA,624.033792,627.4,24.1589336435488,338.207481552529,1.84512119346206
"26","cholesky","conflux",16384,"16384",32,"4x4x2","time","strong","256","cholesky_16384","COnfLUX/PsyChol (this work) ","cholesky","$2^{14}$",593.8,NA,358.219776,593.8,12.7629799326057,213.057362619982,1.6813301901185
"27","cholesky","conflux",16384,"16384",64,"8x8x1","time","strong","256","cholesky_16384","COnfLUX/PsyChol (this work) ","cholesky","$2^{14}$",395,NA,222.16704,395,9.59323732149526,134.217728,1.6552734375
"28","cholesky","conflux",16384,"16384",128,"8x8x2","time","strong","128","cholesky_16384","COnfLUX/PsyChol (this work) ","cholesky","$2^{14}$",483.6,NA,162.074624,483.6,3.91783368692166,84.5518703881323,1.91686621781402
"29","cholesky","conflux",16384,"16384",256,"16x16x1","time","strong","128","cholesky_16384","COnfLUX/PsyChol (this work) ","cholesky","$2^{14}$",394.4,NA,91.359232,394.4,2.40195787397986,53.2643406549954,1.71520441024049
"30","cholesky","conflux",16384,"8192",4,"2x2","time","weak","512","cholesky_8192","COnfLUX/PsyChol (this work) ","cholesky","$2^{13} \cdot \sqrt{P}$",1301,NA,1345.978368,1301,46.6020444825903,852.229450479927,1.57936148210089
"31","cholesky","conflux",32768,"1024",1024,"32x32","time","weak","128","cholesky_1024","COnfLUX/PsyChol (this work) ","cholesky","$2^{10} \cdot \sqrt{P}$",1620.6,NA,159.1796875,1620.6,1.16911290324282,84.5518703881323,1.88262763164542
"32","cholesky","conflux",32768,"32768",4,"2x2x1","time","other","512","cholesky_32768","COnfLUX/PsyChol (this work) ","cholesky","ERROR!",9060,NA,NA,9060,53.5357703062693,3408.91780191971,NA
"33","cholesky","conflux",32768,"32768",8,"2x2x2","time","other","512","cholesky_32768","COnfLUX/PsyChol (this work) ","cholesky","ERROR!",5988.2,NA,NA,5988.2,40.4991549192412,2147.483648,NA
"34","cholesky","conflux",32768,"32768",32,"4x4x2","time","other","512","cholesky_32768","COnfLUX/PsyChol (this work) ","cholesky","ERROR!",2663.2,NA,NA,2663.2,22.7655676899407,852.229450479927,NA
"35","cholesky","conflux",32768,"32768",64,"8x8x1","time","other","256","cholesky_32768","COnfLUX/PsyChol (this work) ","cholesky","ERROR!",1716.2,NA,NA,1716.2,17.6638095419677,536.870912,NA
"36","cholesky","conflux",32768,"32768",128,"8x8x2","time","other","512","cholesky_32768","COnfLUX/PsyChol (this work) ","cholesky","ERROR!",1999.6,NA,NA,1999.6,7.58017351868499,338.207481552529,NA
"37","cholesky","conflux",32768,"32768",256,"16x16x1","time","other","128","cholesky_32768","COnfLUX/PsyChol (this work) ","cholesky","ERROR!",1417.8,NA,NA,1417.8,5.34536428549954,213.057362619982,NA
"38","cholesky","conflux",32768,"8192",16,"4x4","time","weak","512","cholesky_8192","COnfLUX/PsyChol (this work) ","cholesky","$2^{13} \cdot \sqrt{P}$",2979.4,NA,2457.993216,2979.4,40.6989728615493,1352.82992621012,1.81692699753172
"39","cholesky","conflux",65536,"65536",4,"2x2x1","time","other","1024","cholesky_65536","COnfLUX/PsyChol (this work) ","cholesky","ERROR!",61799.2,NA,NA,61799.2,62.7883958335772,13635.6712076788,NA
"40","cholesky","conflux",65536,"65536",8,"2x2x2","time","other","1024","cholesky_65536","COnfLUX/PsyChol (this work) ","cholesky","ERROR!",35493.2,NA,NA,35493.2,54.6621977139058,8589.934592,NA
"41","cholesky","conflux",65536,"65536",16,"4x4x1","time","other","512","cholesky_65536","COnfLUX/PsyChol (this work) ","cholesky","ERROR!",18206.4,NA,NA,18206.4,53.281711812857,5411.31970484046,NA
"42","cholesky","conflux",65536,"65536",32,"4x4x2","time","other","1024","cholesky_65536","COnfLUX/PsyChol (this work) ","cholesky","ERROR!",12825.6,NA,NA,12825.6,37.8176521156749,3408.91780191971,NA
"43","cholesky","conflux",65536,"65536",128,"8x8x2","time","other","512","cholesky_65536","COnfLUX/PsyChol (this work) ","cholesky","ERROR!",7107.8,NA,NA,7107.8,17.0599228655421,1352.82992621012,NA
"44","cholesky","conflux",65536,"65536",256,"16x16x1","time","other","256","cholesky_65536","COnfLUX/PsyChol (this work) ","cholesky","ERROR!",4450.2,NA,NA,4450.2,13.6239404682599,852.229450479927,NA
"45","cholesky","conflux",65536,"65536",512,"16x16x2","time","other","256","cholesky_65536","COnfLUX/PsyChol (this work) ","cholesky","ERROR!",4413.6,NA,NA,4413.6,6.86845883993226,536.870912,NA
"46","cholesky","conflux",65536,"8192",64,"8x8","time","weak","1024","cholesky_8192","COnfLUX/PsyChol (this work) ","cholesky","$2^{13} \cdot \sqrt{P}$",7652.4,NA,3328.125,7652.4,31.6916313166327,2147.483648,1.54977897182107
"47","cholesky","conflux",131072,"131072",16,"4x4x1","time","strong","1024","cholesky_131072","COnfLUX/PsyChol (this work) ","cholesky","$2^{17}$",127803.4,NA,38812.5,127803.4,60.7225258764384,21645.2788193619,1.79311619517148
"48","cholesky","conflux",131072,"131072",32,"4x4x2","time","strong","1024","cholesky_131072","COnfLUX/PsyChol (this work) ","cholesky","$2^{17}$",73493.2,NA,21687.5,73493.2,52.7977096084862,13635.6712076788,1.59049742910982
"49","cholesky","conflux",131072,"131072",64,"8x8x1","time","strong","1024","cholesky_131072","COnfLUX/PsyChol (this work) ","cholesky","$2^{17}$",40136.2,NA,13109.375,40136.2,48.3388142350098,8589.934592,1.52613210957497
"50","cholesky","conflux",131072,"131072",128,"8x8x2","time","strong","1024","cholesky_131072","COnfLUX/PsyChol (this work) ","cholesky","$2^{17}$",30482.2,NA,9921.875,30482.2,31.8240861207393,5411.31970484047,1.83354071486939
"51","cholesky","conflux",131072,"131072",256,"16x16x1","time","strong","1024","cholesky_131072","COnfLUX/PsyChol (this work) ","cholesky","$2^{17}$",18888.8,NA,5585.9375,18888.8,25.6783956087629,3408.91780191971,1.63862487293015
"52","cholesky","conflux",131072,"131072",512,"16x16x2","time","strong","512","cholesky_131072","COnfLUX/PsyChol (this work) ","cholesky","$2^{17}$",16238.8,NA,3398.4375,16238.8,14.9344187678523,2147.483648,1.5825207810849
"53","cholesky","conflux",131072,"131072",1024,"32x32x1","time","strong","256","cholesky_131072","COnfLUX/PsyChol (this work) ","cholesky","$2^{17}$",12495.2,NA,2509.765625,12495.2,9.70440807219573,1352.82992621012,1.8551967075647
"54","cholesky","conflux",131072,"8192",256,"16x16","time","weak","512","cholesky_8192","COnfLUX/PsyChol (this work) ","cholesky","$2^{13} \cdot \sqrt{P}$",18971.2,NA,5585.9375,18971.2,25.5668634021464,3408.91780191971,1.63862487293015
"55","cholesky","conflux",262144,"262144",64,"8x8x1","time","other","1024","cholesky_262144","COnfLUX/PsyChol (this work) ","cholesky","ERROR!",261061,NA,NA,261061,59.4538844453733,34359.738368,NA
"56","cholesky","conflux",262144,"262144",128,"8x8x2","time","other","512","cholesky_262144","COnfLUX/PsyChol (this work) ","cholesky","ERROR!",175942.8,NA,NA,175942.8,44.1083423908043,21645.2788193619,NA
"57","cholesky","conflux",262144,"262144",256,"16x16x1","time","other","512","cholesky_262144","COnfLUX/PsyChol (this work) ","cholesky","ERROR!",99657,NA,NA,99657,38.9362777506688,13635.6712076788,NA
"58","cholesky","conflux",262144,"262144",512,"16x16x2","time","other","512","cholesky_262144","COnfLUX/PsyChol (this work) ","cholesky","ERROR!",65708.2,NA,NA,65708.2,29.5265479179037,8589.934592,NA
"59","cholesky","conflux",262144,"8192",1024,"32x32","time","weak","256","cholesky_8192","COnfLUX/PsyChol (this work) ","cholesky","$2^{13} \cdot \sqrt{P}$",44452.6,NA,10058.59375,44452.6,21.8225291197725,5411.31970484047,1.85880603968058
"60","cholesky","mkl",2048,"1024",4,"2x2","time","weak","1","cholesky_1024","MKL [cite] ","cholesky","$2^{10} \cdot \sqrt{P}$",17.2,NA,6.9469,17.2,6.88468158065157,16.777216,0.414067506790161
"61","cholesky","mkl",2048,"2048",8,"4x2x1","time","other","512","cholesky_2048","MKL [cite] ","cholesky","ERROR!",19.4,NA,NA,19.4,3.05197224709297,11.8632832030314,NA
"62","cholesky","mkl",2048,"2048",16,"4x4x1","time","other","128","cholesky_2048","MKL [cite] ","cholesky","ERROR!",14,NA,NA,14,2.11458077120013,8.388608,NA
"63","cholesky","mkl",2048,"2048",16,"4x4x1","time","other","64","cholesky_2048","MKL [cite] ","cholesky","ERROR!",13.5,NA,NA,13.5,2.19289857754087,8.388608,NA
"64","cholesky","mkl",2048,"2048",32,"8x4x1","time","other","256","cholesky_2048","MKL [cite] ","cholesky","ERROR!",14,NA,NA,14,1.05729038560006,5.93164160151572,NA
"65","cholesky","mkl",2048,"2048",64,"8x8x1","time","other","64","cholesky_2048","MKL [cite] ","cholesky","ERROR!",8.75,NA,NA,8.75,0.84583230848005,4.194304,NA
"66","cholesky","mkl",2048,"2048",128,"16x8x1","time","other","64","cholesky_2048","MKL [cite] ","cholesky","ERROR!",13.6666666666667,NA,NA,13.6666666666667,0.270769488995138,2.96582080075786,NA
"67","cholesky","mkl",2048,"2048",256,"16x16x1","time","other","64","cholesky_2048","MKL [cite] ","cholesky","ERROR!",9,NA,NA,9,0.205584241644457,2.097152,NA
"68","cholesky","mkl",2048,"2048",512,"32x16x1","time","other","128","cholesky_2048","MKL [cite] ","cholesky","ERROR!",16.4,NA,NA,16.4,0.0564103102073205,1.48291040037893,NA
"69","cholesky","mkl",2048,"2048",1024,"32x32x1","time","other","64","cholesky_2048","MKL [cite] ","cholesky","ERROR!",11,NA,NA,11,0.042051322154548,1.048576,NA
"70","cholesky","mkl",4096,"1024",16,"4x4","time","weak","1","cholesky_1024","MKL [cite] ","cholesky","$2^{10} \cdot \sqrt{P}$",43.8,NA,23.363734,43.8,5.40714717749804,33.554432,0.696293532848358
"71","cholesky","mkl",4096,"4096",4,"2x2x1","time","other","64","cholesky_4096","MKL [cite] ","cholesky","ERROR!",83.5,NA,NA,83.5,11.3452956347025,67.108864,NA
"72","cholesky","mkl",4096,"4096",8,"4x2x1","time","other","64","cholesky_4096","MKL [cite] ","cholesky","ERROR!",86.1666666666667,NA,NA,86.1666666666667,5.49709198547963,47.4531328121258,NA
"73","cholesky","mkl",4096,"4096",32,"8x4x1","time","other","256","cholesky_4096","MKL [cite] ","cholesky","ERROR!",49,NA,NA,49,2.41666373851443,23.7265664060629,NA
"74","cholesky","mkl",4096,"4096",64,"8x8x1","time","other","64","cholesky_4096","MKL [cite] ","cholesky","ERROR!",31.4,NA,NA,31.4,1.88561342654788,16.777216,NA
"75","cholesky","mkl",4096,"4096",128,"16x8x1","time","other","256","cholesky_4096","MKL [cite] ","cholesky","ERROR!",37.5,NA,NA,37.5,0.789443487914714,11.8632832030314,NA
"76","cholesky","mkl",4096,"4096",256,"16x16x1","time","other","64","cholesky_4096","MKL [cite] ","cholesky","ERROR!",21.3333333333333,NA,NA,21.3333333333333,0.693846815550041,8.388608,NA
"77","cholesky","mkl",4096,"4096",512,"32x16x1","time","other","64","cholesky_4096","MKL [cite] ","cholesky","ERROR!",38.75,NA,NA,38.75,0.190994392237431,5.93164160151572,NA
"78","cholesky","mkl",4096,"4096",1024,"32x32x1","time","other","128","cholesky_4096","MKL [cite] ","cholesky","ERROR!",38,NA,NA,38,0.0973820092000058,4.194304,NA
"79","cholesky","mkl",8192,"1024",64,"8x8","time","weak","1","cholesky_1024","MKL [cite] ","cholesky","$2^{10} \cdot \sqrt{P}$",110,NA,57.254263,110,4.30605538862571,67.108864,0.853155001997948
"80","cholesky","mkl",8192,"8192",4,"2x2x1","time","other","64","cholesky_8192","MKL [cite] ","cholesky","$2^{13} \cdot \sqrt{P}$",425.333333333333,NA,NA,425.333333333333,17.818160228796,268.435456,NA
"81","cholesky","mkl",8192,"8192",8,"4x2x1","time","other","512","cholesky_8192","MKL [cite] ","cholesky","$2^{13} \cdot \sqrt{P}$",583.666666666667,NA,NA,583.666666666667,6.49228225355333,189.812531248503,NA
"82","cholesky","mkl",8192,"8192",16,"4x4x1","time","other","128","cholesky_8192","MKL [cite] ","cholesky","$2^{13} \cdot \sqrt{P}$",195.333333333333,NA,NA,195.333333333333,9.69964695048795,134.217728,NA
"83","cholesky","mkl",8192,"8192",32,"8x4x1","time","other","128","cholesky_8192","MKL [cite] ","cholesky","$2^{13} \cdot \sqrt{P}$",196.333333333333,NA,NA,196.333333333333,4.82512148810351,94.9062656242515,NA
"84","cholesky","mkl",8192,"8192",128,"16x8x1","time","other","256","cholesky_8192","MKL [cite] ","cholesky","$2^{13} \cdot \sqrt{P}$",128.333333333333,NA,NA,128.333333333333,1.84545230941102,47.4531328121258,NA
"85","cholesky","mkl",8192,"8192",256,"16x16x1","time","other","64","cholesky_8192","MKL [cite] ","cholesky","$2^{13} \cdot \sqrt{P}$",66,NA,NA,66,1.79418974526071,33.554432,NA
"86","cholesky","mkl",8192,"8192",512,"32x16x1","time","other","512","cholesky_8192","MKL [cite] ","cholesky","$2^{13} \cdot \sqrt{P}$",93.1666666666667,NA,NA,93.1666666666667,0.635509068983222,23.7265664060629,NA
"87","cholesky","mkl",8192,"8192",1024,"32x32x1","time","other","64","cholesky_8192","MKL [cite] ","cholesky","$2^{13} \cdot \sqrt{P}$",68.2,NA,NA,68.2,0.434078164175979,16.777216,NA
"88","cholesky","mkl",16384,"1024",256,"16x16","time","weak","1","cholesky_1024","MKL [cite] ","cholesky","$2^{10} \cdot \sqrt{P}$",248.6,NA,124.6609195,248.6,3.81066848550948,134.217728,0.928796228021383
"89","cholesky","mkl",16384,"16384",4,"2x2","time","strong","1","cholesky_16384","MKL [cite] ","cholesky","$2^{14}$",3020.8,NA,529.92432,3020.8,20.0705971503741,1073.741824,0.493530482053757
"90","cholesky","mkl",16384,"16384",8,"4x2","time","strong","1","cholesky_16384","MKL [cite] ","cholesky","$2^{14}$",4389,NA,404.744196,4389,6.90695601183072,759.250124994012,0.533084134827363
"91","cholesky","mkl",16384,"16384",16,"4x4","time","strong","1","cholesky_16384","MKL [cite] ","cholesky","$2^{14}$",1169.8,NA,397.312264,1169.8,12.9571849614998,536.870912,0.740051761269569
"92","cholesky","mkl",16384,"16384",32,"8x4","time","strong","1","cholesky_16384","MKL [cite] ","cholesky","$2^{14}$",749.8,NA,333.63458,749.8,10.1075719978411,379.625062497006,0.878852881328485
"93","cholesky","mkl",16384,"16384",64,"8x8","time","strong","1","cholesky_16384","MKL [cite] ","cholesky","$2^{14}$",463,NA,232.038846,463,8.18429533907263,268.435456,0.864412061870098
"94","cholesky","mkl",16384,"16384",128,"16x8","time","strong","1","cholesky_16384","MKL [cite] ","cholesky","$2^{14}$",448.25,NA,191.812279,448.25,4.22680283546082,189.812531248503,1.01053538319279
"95","cholesky","mkl",16384,"16384",256,"16x16","time","strong","1","cholesky_16384","MKL [cite] ","cholesky","$2^{14}$",253,NA,124.6609195,253,3.74439599010931,134.217728,0.928796228021383
"96","cholesky","mkl",16384,"8192",4,"2x2","time","weak","1","cholesky_8192","MKL [cite] ","cholesky","$2^{13} \cdot \sqrt{P}$",3021.2,NA,529.92432,3021.2,20.067939849017,1073.741824,0.493530482053757
"97","cholesky","mkl",32768,"1024",1024,"32x32","time","weak","1","cholesky_1024","MKL [cite] ","cholesky","$2^{10} \cdot \sqrt{P}$",521,NA,258.7890625,521,3.63659188290847,268.435456,0.964064383879304
"98","cholesky","mkl",32768,"32768",4,"2x2x1","time","other","128","cholesky_32768","MKL [cite] ","cholesky","ERROR!",21803,NA,NA,21803,22.2462082729349,4294.967296,NA
"99","cholesky","mkl",32768,"32768",8,"4x2x1","time","other","64","cholesky_32768","MKL [cite] ","cholesky","ERROR!",29569.8333333333,NA,NA,29569.8333333333,8.20150173839555,3037.00049997605,NA
"100","cholesky","mkl",32768,"32768",32,"8x4x1","time","other","512","cholesky_32768","MKL [cite] ","cholesky","ERROR!",5541.66666666667,NA,NA,5541.66666666667,10.9406183227399,1518.50024998802,NA
"101","cholesky","mkl",32768,"32768",64,"8x8x1","time","other","64","cholesky_32768","MKL [cite] ","cholesky","ERROR!",2095.5,NA,NA,2095.5,14.4665377885588,1073.741824,NA
"102","cholesky","mkl",32768,"32768",128,"16x8x1","time","other","256","cholesky_32768","MKL [cite] ","cholesky","ERROR!",1456.16666666667,NA,NA,1456.16666666667,10.4090522842824,759.250124994012,NA
"103","cholesky","mkl",32768,"32768",256,"16x16x1","time","other","64","cholesky_32768","MKL [cite] ","cholesky","ERROR!",945.333333333333,NA,NA,945.333333333333,8.01691553312544,536.870912,NA
"104","cholesky","mkl",32768,"32768",512,"32x16x1","time","other","128","cholesky_32768","MKL [cite] ","cholesky","ERROR!",1086,NA,NA,1086,3.4892529852584,379.625062497006,NA
"105","cholesky","mkl",32768,"8192",16,"4x4","time","weak","1","cholesky_8192","MKL [cite] ","cholesky","$2^{13} \cdot \sqrt{P}$",6850.2,NA,NA,6850.2,17.7014568543546,2147.483648,NA
"106","cholesky","mkl",65536,"65536",4,"2x2x1","time","other","512","cholesky_65536","MKL [cite] ","cholesky","ERROR!",161610.833333333,NA,NA,161610.833333333,24.0099784882309,17179.869184,NA
"107","cholesky","mkl",65536,"65536",8,"4x2x1","time","other","256","cholesky_65536","MKL [cite] ","cholesky","ERROR!",205490,NA,NA,205490,9.44151207308969,12148.0019999042,NA
"108","cholesky","mkl",65536,"65536",16,"4x4x1","time","other","512","cholesky_65536","MKL [cite] ","cholesky","ERROR!",48025.6666666667,NA,NA,48025.6666666667,20.1989524618697,8589.934592,NA
"109","cholesky","mkl",65536,"65536",32,"8x4x1","time","other","512","cholesky_65536","MKL [cite] ","cholesky","ERROR!",44135.3333333333,NA,NA,44135.3333333333,10.9897001414166,6074.0009999521,NA
"110","cholesky","mkl",65536,"65536",128,"16x8x1","time","other","64","cholesky_65536","MKL [cite] ","cholesky","ERROR!",9904.66666666667,NA,NA,9904.66666666667,12.2425644218584,3037.00049997605,NA
"111","cholesky","mkl",65536,"65536",256,"16x16x1","time","other","64","cholesky_65536","MKL [cite] ","cholesky","ERROR!",4506.33333333333,NA,NA,4506.33333333333,13.4542332728419,2147.483648,NA
"112","cholesky","mkl",65536,"65536",512,"32x16x1","time","other","512","cholesky_65536","MKL [cite] ","cholesky","ERROR!",3085,NA,NA,3085,9.82646027096435,1518.50024998802,NA
"113","cholesky","mkl",65536,"65536",1024,"32x32x1","time","other","64","cholesky_65536","MKL [cite] ","cholesky","ERROR!",2329.16666666667,NA,NA,2329.16666666667,6.5076128663882,1073.741824,NA
"114","cholesky","mkl",65536,"8192",64,"8x8","time","weak","1","cholesky_8192","MKL [cite] ","cholesky","$2^{13} \cdot \sqrt{P}$",14976,NA,3750,14976,16.1937125726095,4294.967296,0.873114913702011
"115","cholesky","mkl",131072,"131072",16,"4x4","time","strong","1","cholesky_131072","MKL [cite] ","cholesky","$2^{17}$",326479.2,NA,25750,326479.2,23.7704125212167,34359.738368,0.749423634260893
"116","cholesky","mkl",131072,"131072",32,"8x4","time","strong","1","cholesky_131072","MKL [cite] ","cholesky","$2^{17}$",288243.4,NA,21343.75,288243.4,13.4617917766665,24296.0039998084,0.87848808389101
"117","cholesky","mkl",131072,"131072",64,"8x8","time","strong","1","cholesky_131072","MKL [cite] ","cholesky","$2^{17}$",102789.2,NA,15015.625,102789.2,18.8749043274897,17179.869184,0.874024408403784
"118","cholesky","mkl",131072,"131072",128,"16x8","time","strong","1","cholesky_131072","MKL [cite] ","cholesky","$2^{17}$",85380,NA,11796.875,85380,11.3617727564957,12148.0019999042,0.97109590532608
"119","cholesky","mkl",131072,"131072",256,"16x16","time","strong","1","cholesky_131072","MKL [cite] ","cholesky","$2^{17}$",31714,NA,8046.875,31714,15.2940051388913,8589.934592,0.936779542826116
"120","cholesky","mkl",131072,"131072",512,"32x16","time","strong","1","cholesky_131072","MKL [cite] ","cholesky","$2^{17}$",20869.3333333333,NA,5898.4375,20869.3333333333,11.6207372614075,6074.0009999521,0.97109590532608
"121","cholesky","mkl",131072,"131072",1024,"32x32","time","strong","1","cholesky_131072","MKL [cite] ","cholesky","$2^{17}$",13466,NA,4150.390625,13466,9.00479130727016,4294.967296,0.966338120633736
"122","cholesky","mkl",131072,"8192",256,"16x16","time","weak","1","cholesky_8192","MKL [cite] ","cholesky","$2^{13} \cdot \sqrt{P}$",31206.4,NA,8046.875,31206.4,15.5427758080009,8589.934592,0.936779542826116
"123","cholesky","mkl",262144,"262144",64,"8x8x1","time","other","64","cholesky_262144","MKL [cite] ","cholesky","ERROR!",909618.666666667,NA,NA,909618.666666667,17.0632937691035,68719.476736,NA
"124","cholesky","mkl",262144,"262144",128,"16x8x1","time","other","128","cholesky_262144","MKL [cite] ","cholesky","ERROR!",546995.6,NA,NA,546995.6,14.1875826123589,48592.0079996168,NA
"125","cholesky","mkl",262144,"262144",256,"16x16x1","time","other","512","cholesky_262144","MKL [cite] ","cholesky","ERROR!",219106.166666667,NA,NA,219106.166666667,17.7095546457238,34359.738368,NA
"126","cholesky","mkl",262144,"262144",512,"32x16x1","time","other","256","cholesky_262144","MKL [cite] ","cholesky","ERROR!",182018,NA,NA,182018,10.6590354574778,24296.0039998084,NA
"127","cholesky","mkl",262144,"8192",1024,"32x32","time","weak","1","cholesky_8192","MKL [cite] ","cholesky","$2^{13} \cdot \sqrt{P}$",67954.6,NA,16601.5625,67954.6,14.2752390264912,17179.869184,0.966338120633736
"128","cholesky","slate",2048,"1024",4,"2x2","time","weak","1","cholesky_1024","SLATE [cite] ","cholesky","$2^{10} \cdot \sqrt{P}$",26.3333333333333,NA,6.291456,26.3333333333333,4.4968299944509,16.777216,0.375
"129","cholesky","slate",2048,"2048",8,"4x2x1","time","other","128","cholesky_2048","SLATE [cite] ","cholesky","ERROR!",28.75,NA,NA,28.75,2.05941779456012,11.8632832030314,NA
"130","cholesky","slate",2048,"2048",16,"4x4x1","time","other","64","cholesky_2048","SLATE [cite] ","cholesky","ERROR!",32.6,NA,NA,32.6,0.908102171681036,8.388608,NA
"131","cholesky","slate",2048,"2048",32,"8x4x1","time","other","128","cholesky_2048","SLATE [cite] ","cholesky","ERROR!",41,NA,NA,41,0.361025985326851,5.93164160151572,NA
"132","cholesky","slate",2048,"2048",32,"8x4x1","time","other","64","cholesky_2048","SLATE [cite] ","cholesky","ERROR!",40.25,NA,NA,40.25,0.367753177600022,5.93164160151572,NA
"133","cholesky","slate",2048,"2048",64,"8x8x1","time","other","256","cholesky_2048","SLATE [cite] ","cholesky","ERROR!",34.8,NA,NA,34.8,0.2126733534253,4.194304,NA
"134","cholesky","slate",2048,"2048",64,"8x8x1","time","other","64","cholesky_2048","SLATE [cite] ","cholesky","ERROR!",38.25,NA,NA,38.25,0.193491050959489,4.194304,NA
"135","cholesky","slate",2048,"2048",128,"16x8x1","time","other","256","cholesky_2048","SLATE [cite] ","cholesky","ERROR!",33.75,NA,NA,33.75,0.109644928877044,2.96582080075786,NA
"136","cholesky","slate",2048,"2048",256,"16x16x1","time","other","256","cholesky_2048","SLATE [cite] ","cholesky","ERROR!",35,NA,NA,35,0.0528645192800032,2.097152,NA
"137","cholesky","slate",2048,"2048",512,"32x16x1","time","other","256","cholesky_2048","SLATE [cite] ","cholesky","ERROR!",34.25,NA,NA,34.25,0.0270110682452571,1.48291040037893,NA
"138","cholesky","slate",2048,"2048",1024,"32x32x1","time","other","64","cholesky_2048","SLATE [cite] ","cholesky","ERROR!",27.75,NA,NA,27.75,0.0166689925657668,1.048576,NA
"139","cholesky","slate",4096,"1024",16,"4x4","time","weak","1","cholesky_1024","SLATE [cite] ","cholesky","$2^{10} \cdot \sqrt{P}$",78.6,NA,16.777216,78.6,3.01314308364395,33.554432,0.5
"140","cholesky","slate",4096,"4096",4,"2x2x1","time","other","128","cholesky_4096","SLATE [cite] ","cholesky","ERROR!",76.6666666666667,NA,NA,76.6666666666667,12.3565067673607,67.108864,NA
"141","cholesky","slate",4096,"4096",8,"4x2x1","time","other","128","cholesky_4096","SLATE [cite] ","cholesky","ERROR!",66.6666666666667,NA,NA,66.6666666666667,7.10499139123242,47.4531328121258,NA
"142","cholesky","slate",4096,"4096",32,"8x4x1","time","other","128","cholesky_4096","SLATE [cite] ","cholesky","ERROR!",68.6,NA,NA,68.6,1.72618838465316,23.7265664060629,NA
"143","cholesky","slate",4096,"4096",64,"8x8x1","time","other","128","cholesky_4096","SLATE [cite] ","cholesky","ERROR!",77.5,NA,NA,77.5,0.763977568949723,16.777216,NA
"144","cholesky","slate",4096,"4096",128,"16x8x1","time","other","128","cholesky_4096","SLATE [cite] ","cholesky","ERROR!",98.4,NA,NA,98.4,0.300854987772376,11.8632832030314,NA
"145","cholesky","slate",4096,"4096",256,"16x16x1","time","other","256","cholesky_4096","SLATE [cite] ","cholesky","ERROR!",70.4,NA,NA,70.4,0.21025661077274,8.388608,NA
"146","cholesky","slate",4096,"4096",512,"32x16x1","time","other","256","cholesky_4096","SLATE [cite] ","cholesky","ERROR!",68.6,NA,NA,68.6,0.107886774040823,5.93164160151572,NA
"147","cholesky","slate",4096,"4096",1024,"32x32x1","time","other","256","cholesky_4096","SLATE [cite] ","cholesky","ERROR!",69.2,NA,NA,69.2,0.0534756697919107,4.194304,NA
"148","cholesky","slate",8192,"1024",64,"8x8","time","weak","1","cholesky_1024","SLATE [cite] ","cholesky","$2^{10} \cdot \sqrt{P}$",194.4,NA,36.70016,194.4,2.43655397504541,67.108864,0.546875
"149","cholesky","slate",8192,"8192",4,"2x2x1","time","other","256","cholesky_8192","SLATE [cite] ","cholesky","$2^{13} \cdot \sqrt{P}$",286.666666666667,NA,NA,286.666666666667,26.437177269702,268.435456,NA
"150","cholesky","slate",8192,"8192",8,"4x2x1","time","other","256","cholesky_8192","SLATE [cite] ","cholesky","$2^{13} \cdot \sqrt{P}$",217.833333333333,NA,NA,217.833333333333,17.3955412792225,189.812531248503,NA
"151","cholesky","slate",8192,"8192",16,"4x4x1","time","other","256","cholesky_8192","SLATE [cite] ","cholesky","$2^{13} \cdot \sqrt{P}$",203.166666666667,NA,NA,203.166666666667,9.32566548480056,134.217728,NA
"152","cholesky","slate",8192,"8192",32,"8x4x1","time","other","256","cholesky_8192","SLATE [cite] ","cholesky","$2^{13} \cdot \sqrt{P}$",174.833333333333,NA,NA,174.833333333333,5.41848723830881,94.9062656242515,NA
"153","cholesky","slate",8192,"8192",128,"16x8x1","time","other","256","cholesky_8192","SLATE [cite] ","cholesky","$2^{13} \cdot \sqrt{P}$",181.4,NA,NA,181.4,1.30558459963845,47.4531328121258,NA
"154","cholesky","slate",8192,"8192",256,"16x16x1","time","other","256","cholesky_8192","SLATE [cite] ","cholesky","$2^{13} \cdot \sqrt{P}$",195.5,NA,NA,195.5,0.605711116047095,33.554432,NA
"155","cholesky","slate",8192,"8192",512,"32x16x1","time","other","256","cholesky_8192","SLATE [cite] ","cholesky","$2^{13} \cdot \sqrt{P}$",198.2,NA,NA,198.2,0.298729876859755,23.7265664060629,NA
"156","cholesky","slate",8192,"8192",1024,"32x32x1","time","other","256","cholesky_8192","SLATE [cite] ","cholesky","$2^{13} \cdot \sqrt{P}$",132,NA,NA,132,0.224273718157589,16.777216,NA
"157","cholesky","slate",16384,"1024",256,"16x16","time","weak","1","cholesky_1024","SLATE [cite] ","cholesky","$2^{10} \cdot \sqrt{P}$",495,NA,76.02176,495,1.91380239494476,134.217728,0.56640625
"158","cholesky","slate",16384,"16384",4,"2x2","time","strong","1","cholesky_16384","SLATE [cite] ","cholesky","$2^{14}$",1754.2,NA,520.093696,1754.2,34.5623417351784,1073.741824,0.484375
"159","cholesky","slate",16384,"16384",8,"4x2","time","strong","1","cholesky_16384","SLATE [cite] ","cholesky","$2^{14}$",1102.8,NA,495.976448,1102.8,27.4887830394677,759.250124994012,0.653245131838354
"160","cholesky","slate",16384,"16384",16,"4x4","time","strong","1","cholesky_16384","SLATE [cite] ","cholesky","$2^{14}$",791.8,NA,365.953024,791.8,19.1428580044992,536.870912,0.681640625
"161","cholesky","slate",16384,"16384",32,"8x4","time","strong","1","cholesky_16384","SLATE [cite] ","cholesky","$2^{14}$",588.8,NA,278.659072,588.8,12.8713612160008,379.625062497006,0.734037605860645
"162","cholesky","slate",16384,"16384",64,"8x8","time","strong","1","cholesky_16384","SLATE [cite] ","cholesky","$2^{14}$",525.2,NA,187.170816,525.2,7.21502045314285,268.435456,0.697265625
"163","cholesky","slate",16384,"16384",128,"16x8","time","strong","1","cholesky_16384","SLATE [cite] ","cholesky","$2^{14}$",475.4,NA,122.814464,475.4,3.98541096128589,189.812531248503,0.647030326144331
"164","cholesky","slate",16384,"16384",256,"16x16","time","strong","1","cholesky_16384","SLATE [cite] ","cholesky","$2^{14}$",502.8,NA,76.02176,502.8,1.88411333631197,134.217728,0.56640625
"165","cholesky","slate",16384,"8192",4,"2x2","time","weak","1","cholesky_8192","SLATE [cite] ","cholesky","$2^{13} \cdot \sqrt{P}$",1786.2,NA,520.093696,1786.2,33.9431529906226,1073.741824,0.484375
"166","cholesky","slate",32768,"1024",1024,"32x32","time","weak","1","cholesky_1024","SLATE [cite] ","cholesky","$2^{10} \cdot \sqrt{P}$",484.8,NA,154.296875,484.8,3.90813607878571,268.435456,0.574800651520491
"167","cholesky","slate",32768,"32768",4,"2x2x1","time","other","512","cholesky_32768","SLATE [cite] ","cholesky","ERROR!",12610.5,NA,NA,12610.5,38.4627159093454,4294.967296,NA
"168","cholesky","slate",32768,"32768",8,"4x2x1","time","other","512","cholesky_32768","SLATE [cite] ","cholesky","ERROR!",7035.5,NA,NA,7035.5,34.4704767944567,3037.00049997605,NA
"169","cholesky","slate",32768,"32768",32,"8x4x1","time","other","512","cholesky_32768","SLATE [cite] ","cholesky","ERROR!",2501.83333333333,NA,NA,2501.83333333333,24.2339323983146,1518.50024998802,NA
"170","cholesky","slate",32768,"32768",64,"8x8x1","time","other","256","cholesky_32768","SLATE [cite] ","cholesky","ERROR!",1814.83333333333,NA,NA,1814.83333333333,16.7038093135779,1073.741824,NA
"171","cholesky","slate",32768,"32768",128,"16x8x1","time","other","256","cholesky_32768","SLATE [cite] ","cholesky","ERROR!",1519.66666666667,NA,NA,1519.66666666667,9.97410504581871,759.250124994012,NA
"172","cholesky","slate",32768,"32768",256,"16x16x1","time","other","256","cholesky_32768","SLATE [cite] ","cholesky","ERROR!",1317,NA,NA,1317,5.75448556110953,536.870912,NA
"173","cholesky","slate",32768,"32768",512,"32x16x1","time","other","256","cholesky_32768","SLATE [cite] ","cholesky","ERROR!",1091.16666666667,NA,NA,1091.16666666667,3.47273139635616,379.625062497006,NA
"174","cholesky","slate",32768,"8192",16,"4x4","time","weak","1","cholesky_8192","SLATE [cite] ","cholesky","$2^{13} \cdot \sqrt{P}$",4051.2,NA,1536.16384,4051.2,29.9315066507948,2147.483648,0.71533203125
"175","cholesky","slate",65536,"65536",4,"2x2x1","time","other","128","cholesky_65536","SLATE [cite] ","cholesky","ERROR!",85594.6666666667,NA,NA,85594.6666666667,45.3331122476292,17179.869184,NA
"176","cholesky","slate",65536,"65536",8,"4x2x1","time","other","512","cholesky_65536","SLATE [cite] ","cholesky","ERROR!",49515.1666666667,NA,NA,49515.1666666667,39.1826675846633,12148.0019999042,NA
"177","cholesky","slate",65536,"65536",16,"4x4x1","time","other","512","cholesky_65536","SLATE [cite] ","cholesky","ERROR!",26314.1666666667,NA,NA,26314.1666666667,36.8648633353238,8589.934592,NA
"178","cholesky","slate",65536,"65536",32,"8x4x1","time","other","512","cholesky_65536","SLATE [cite] ","cholesky","ERROR!",14301.8333333333,NA,NA,14301.8333333333,33.914119097188,6074.0009999521,NA
"179","cholesky","slate",65536,"65536",128,"16x8x1","time","other","512","cholesky_65536","SLATE [cite] ","cholesky","ERROR!",5936.33333333333,NA,NA,5936.33333333333,20.42650116408,3037.00049997605,NA
"180","cholesky","slate",65536,"65536",256,"16x16x1","time","other","256","cholesky_65536","SLATE [cite] ","cholesky","ERROR!",4280.33333333333,NA,NA,4280.33333333333,14.1646117604198,2147.483648,NA
"181","cholesky","slate",65536,"65536",512,"32x16x1","time","other","256","cholesky_65536","SLATE [cite] ","cholesky","ERROR!",3242.5,NA,NA,3242.5,9.34915341123362,1518.50024998802,NA
"182","cholesky","slate",65536,"65536",1024,"32x32x1","time","other","256","cholesky_65536","SLATE [cite] ","cholesky","ERROR!",2904.5,NA,NA,2904.5,5.21856256428387,1073.741824,NA
"183","cholesky","slate",65536,"8192",64,"8x8","time","weak","1","cholesky_8192","SLATE [cite] ","cholesky","$2^{13} \cdot \sqrt{P}$",8701.8,NA,3562.5,8701.8,27.869755623825,4294.967296,0.82945916801691
"184","cholesky","slate",131072,"131072",16,"4x4","time","strong","1","cholesky_131072","SLATE [cite] ","cholesky","$2^{17}$",188577.4,NA,25500,188577.4,41.1531035192807,34359.738368,0.74214767664671
"185","cholesky","slate",131072,"131072",32,"8x4","time","strong","1","cholesky_131072","SLATE [cite] ","cholesky","$2^{17}$",99178.4,NA,21000,99178.4,39.1241705028353,24296.0039998084,0.864339666727319
"186","cholesky","slate",131072,"131072",64,"8x8","time","strong","1","cholesky_131072","SLATE [cite] ","cholesky","$2^{17}$",55009.8,NA,14625,55009.8,35.2689214630702,17179.869184,0.851287040859461
"187","cholesky","slate",131072,"131072",128,"16x8","time","strong","1","cholesky_131072","SLATE [cite] ","cholesky","$2^{17}$",31815,NA,11250,31815,30.49090548325,12148.0019999042,0.926078214350699
"188","cholesky","slate",131072,"131072",256,"16x16","time","strong","1","cholesky_131072","SLATE [cite] ","cholesky","$2^{17}$",19870.8,NA,7578.125,19870.8,24.4093885990901,8589.934592,0.88220986071974
"189","cholesky","slate",131072,"131072",512,"32x16","time","strong","1","cholesky_131072","SLATE [cite] ","cholesky","$2^{17}$",12379.8,NA,5566.40625,12379.8,19.5897380803729,6074.0009999521,0.916431566284546
"190","cholesky","slate",131072,"131072",1024,"32x32","time","strong","1","cholesky_131072","SLATE [cite] ","cholesky","$2^{17}$",9394.4,NA,3681.640625,9394.4,12.9075321195287,4294.967296,0.857198756420985
"191","cholesky","slate",131072,"8192",256,"16x16","time","weak","1","cholesky_8192","SLATE [cite] ","cholesky","$2^{13} \cdot \sqrt{P}$",19937.8,NA,7578.125,19937.8,24.327362044699,8589.934592,0.88220986071974
"192","cholesky","slate",262144,"262144",64,"8x8x1","time","other","512","cholesky_262144","SLATE [cite] ","cholesky","ERROR!",399366.2,NA,NA,399366.2,38.8643068121278,68719.476736,NA
"193","cholesky","slate",262144,"262144",128,"16x8x1","time","other","512","cholesky_262144","SLATE [cite] ","cholesky","ERROR!",215895,NA,NA,215895,35.9459240074888,48592.0079996168,NA
"194","cholesky","slate",262144,"262144",256,"16x16x1","time","other","512","cholesky_262144","SLATE [cite] ","cholesky","ERROR!",120913.5,NA,NA,120913.5,32.0913101663454,34359.738368,NA
"195","cholesky","slate",262144,"262144",512,"32x16x1","time","other","256","cholesky_262144","SLATE [cite] ","cholesky","ERROR!",67223.8333333333,NA,NA,67223.8333333333,28.8608402659652,24296.0039998084,NA
"196","cholesky","slate",262144,"8192",1024,"32x32","time","weak","1","cholesky_8192","SLATE [cite] ","cholesky","$2^{13} \cdot \sqrt{P}$",41307.4,NA,15625,41307.4,23.4841253128883,17179.869184,0.909494701772928
"197","lu","candmc",2048,"1024",4,"2x2x1","time","weak","32-512","lu_1024","CANDMC/CAPITAL [cite] ","lu","$2^{10} \cdot \sqrt{P}$",65.6,NA,56.90916,65.6,3.61025985326851,66.5804258187443,0.854743106553976
"198","lu","candmc",2048,"2048",8,"2x2x2","time","other","32-512","lu_2048","CANDMC/CAPITAL [cite] ","lu","ERROR!",81.1666666666667,NA,NA,81.1666666666667,1.45893047047894,41.94304,NA
"199","lu","candmc",2048,"2048",16,"4x4x1","time","other","32-512","lu_2048","CANDMC/CAPITAL [cite] ","lu","ERROR!",90.8333333333333,NA,NA,90.8333333333333,0.651834072590131,26.4224594962913,NA
"200","lu","candmc",2048,"2048",32,"4x4x2","time","other","32-512","lu_2048","CANDMC/CAPITAL [cite] ","lu","ERROR!",122.666666666667,NA,NA,122.666666666667,0.241338022800014,16.6451064546861,NA
"201","lu","candmc",2048,"2048",64,"8x8x1","time","other","32-512","lu_2048","CANDMC/CAPITAL [cite] ","lu","ERROR!",81.2,NA,NA,81.2,0.182291445793114,10.48576,NA
"202","lu","candmc",2048,"2048",128,"8x8x2","time","other","32-512","lu_2048","CANDMC/CAPITAL [cite] ","lu","ERROR!",100,NA,NA,100,0.0740103269920044,6.60561487407283,NA
"203","lu","candmc",2048,"2048",256,"16x16x1","time","other","32-512","lu_2048","CANDMC/CAPITAL [cite] ","lu","ERROR!",99,NA,NA,99,0.0373789530262649,4.16127661367152,NA
"204","lu","candmc",2048,"2048",256,"8x8x4","time","other","32-512","lu_2048","CANDMC/CAPITAL [cite] ","lu","ERROR!",111.6,NA,NA,111.6,0.0331587486523317,4.16127661367152,NA
"205","lu","candmc",2048,"2048",512,"16x16x2","time","other","32-512","lu_2048","CANDMC/CAPITAL [cite] ","lu","ERROR!",123,NA,NA,123,0.0150427493886188,2.62144,NA
"206","lu","candmc",2048,"2048",1024,"32x32x1","time","other","32-1024","lu_2048","CANDMC/CAPITAL [cite] ","lu","ERROR!",103.6,NA,NA,103.6,0.00892981744594648,1.65140371851821,NA
"207","lu","candmc",4096,"1024",16,"4x4x1","time","weak","32-512","lu_1024","CANDMC/CAPITAL [cite] ","lu","$2^{10} \cdot \sqrt{P}$",246.6,NA,93.080696,246.6,1.92078707521828,105.689837985165,0.880696742226673
"208","lu","candmc",4096,"4096",4,"2x2x1","time","other","32-512","lu_4096","CANDMC/CAPITAL [cite] ","lu","ERROR!",340,NA,NA,340,5.57254226763327,266.321703274977,NA
"209","lu","candmc",4096,"4096",8,"2x2x2","time","other","32-512","lu_4096","CANDMC/CAPITAL [cite] ","lu","ERROR!",221.666666666667,NA,NA,221.666666666667,4.27367903232026,167.77216,NA
"210","lu","candmc",4096,"4096",32,"4x4x2","time","other","32-512","lu_4096","CANDMC/CAPITAL [cite] ","lu","ERROR!",279.666666666667,NA,NA,279.666666666667,0.84684045187514,66.5804258187443,NA
"211","lu","candmc",4096,"4096",64,"4x4x4","time","other","32-512","lu_4096","CANDMC/CAPITAL [cite] ","lu","ERROR!",245,NA,NA,245,0.483332747702886,41.94304,NA
"212","lu","candmc",4096,"4096",64,"8x8x1","time","other","32-512","lu_4096","CANDMC/CAPITAL [cite] ","lu","ERROR!",227.333333333333,NA,NA,227.333333333333,0.520893797011175,41.94304,NA
"213","lu","candmc",4096,"4096",128,"8x8x2","time","other","32-512","lu_4096","CANDMC/CAPITAL [cite] ","lu","ERROR!",268.5,NA,NA,268.5,0.2205149407583,26.4224594962913,NA
"214","lu","candmc",4096,"4096",256,"16x16x1","time","other","32-512","lu_4096","CANDMC/CAPITAL [cite] ","lu","ERROR!",192.4,NA,NA,192.4,0.153867623684001,16.6451064546861,NA
"215","lu","candmc",4096,"4096",256,"8x8x4","time","other","32-512","lu_4096","CANDMC/CAPITAL [cite] ","lu","ERROR!",212.666666666667,NA,NA,212.666666666667,0.139204376787469,16.6451064546861,NA
"216","lu","candmc",4096,"4096",512,"16x16x2","time","other","32-512","lu_4096","CANDMC/CAPITAL [cite] ","lu","ERROR!",198,NA,NA,198,0.0747579060525297,10.48576,NA
"217","lu","candmc",4096,"4096",1024,"32x32x1","time","other","32-1024","lu_4096","CANDMC/CAPITAL [cite] ","lu","ERROR!",290.166666666667,NA,NA,290.166666666667,0.0255061437077557,6.60561487407283,NA
"218","lu","candmc",8192,"1024",64,"4x4x4","time","weak","32-512","lu_1024","CANDMC/CAPITAL [cite] ","lu","$2^{10} \cdot \sqrt{P}$",623.666666666667,NA,161.8872,623.666666666667,1.51897197033296,167.77216,0.964922904968261
"219","lu","candmc",8192,"1024",64,"8x8x1","time","weak","32-512","lu_1024","CANDMC/CAPITAL [cite] ","lu","$2^{10} \cdot \sqrt{P}$",630.4,NA,161.8872,630.4,1.50274775618283,167.77216,0.964922904968261
"220","lu","candmc",8192,"8192",4,"2x2x1","time","other","32-512","lu_8192","CANDMC/CAPITAL [cite] ","lu","$2^{13} \cdot \sqrt{P}$",1853,NA,NA,1853,8.1798785579938,1065.28681309991,NA
"221","lu","candmc",8192,"8192",8,"2x2x2","time","other","32-512","lu_8192","CANDMC/CAPITAL [cite] ","lu","$2^{13} \cdot \sqrt{P}$",950.833333333333,NA,NA,950.833333333333,7.97054248972612,671.08864,NA
"222","lu","candmc",8192,"8192",16,"4x4x1","time","other","32-512","lu_8192","CANDMC/CAPITAL [cite] ","lu","$2^{13} \cdot \sqrt{P}$",740.25,NA,NA,740.25,5.11898512933553,422.759351940661,NA
"223","lu","candmc",8192,"8192",32,"4x4x2","time","other","32-512","lu_8192","CANDMC/CAPITAL [cite] ","lu","$2^{13} \cdot \sqrt{P}$",799.5,NA,NA,799.5,2.36981159599164,266.321703274977,NA
"224","lu","candmc",8192,"8192",128,"8x8x2","time","other","32-512","lu_8192","CANDMC/CAPITAL [cite] ","lu","$2^{13} \cdot \sqrt{P}$",558,NA,NA,558,0.848863965499692,105.689837985165,NA
"225","lu","candmc",8192,"8192",256,"16x16x1","time","other","32-512","lu_8192","CANDMC/CAPITAL [cite] ","lu","$2^{13} \cdot \sqrt{P}$",524.8,NA,NA,524.8,0.451282481658564,66.5804258187443,NA
"226","lu","candmc",8192,"8192",256,"8x8x4","time","other","32-512","lu_8192","CANDMC/CAPITAL [cite] ","lu","$2^{13} \cdot \sqrt{P}$",536.666666666667,NA,NA,536.666666666667,0.441303813120026,66.5804258187443,NA
"227","lu","candmc",8192,"8192",512,"16x16x2","time","other","32-512","lu_8192","CANDMC/CAPITAL [cite] ","lu","$2^{13} \cdot \sqrt{P}$",544,NA,NA,544,0.217677432329425,41.94304,NA
"228","lu","candmc",8192,"8192",1024,"16x16x4","time","other","32-512","lu_8192","CANDMC/CAPITAL [cite] ","lu","$2^{13} \cdot \sqrt{P}$",555,NA,NA,555,0.106681552420907,26.4224594962913,NA
"229","lu","candmc",16384,"1024",256,"8x8x4","time","weak","32-512","lu_1024","CANDMC/CAPITAL [cite] ","lu","$2^{10} \cdot \sqrt{P}$",3111.4,NA,297.34046,3111.4,0.608942717424733,266.321703274977,1.11647100609369
"230","lu","candmc",16384,"16384",4,"2x2x1","time","strong","32-512","lu_16384","CANDMC/CAPITAL [cite] ","lu","$2^{14}$",8466.6,NA,3469.03446,8466.6,14.3219851822101,4261.14725239963,0.814108092145006
"231","lu","candmc",16384,"16384",8,"2x2x2","time","strong","32-512","lu_16384","CANDMC/CAPITAL [cite] ","lu","$2^{14}$",3619.8,NA,2932.877024,3619.8,16.7493397071247,2684.35456,1.0925818324089
"232","lu","candmc",16384,"16384",16,"4x4x1","time","strong","32-512","lu_16384","CANDMC/CAPITAL [cite] ","lu","$2^{14}$",3109,NA,1422.276818,3109,9.75060467543423,1691.03740776265,0.841067625985735
"233","lu","candmc",16384,"16384",32,"4x4x2","time","strong","32-512","lu_16384","CANDMC/CAPITAL [cite] ","lu","$2^{14}$",1584.2,NA,1035.587124,1584.2,9.56780391867347,1065.28681309991,0.972120476162204
"234","lu","candmc",16384,"16384",64,"8x8x1","time","strong","32-512","lu_16384","CANDMC/CAPITAL [cite] ","lu","$2^{14}$",1385.6,NA,633.363273,1385.6,5.46958536661464,671.08864,0.943784822523594
"235","lu","candmc",16384,"16384",128,"8x8x2","time","strong","32-512","lu_16384","CANDMC/CAPITAL [cite] ","lu","$2^{14}$",1146.2,NA,408.292591,1146.2,3.30599262082588,422.759351940661,0.965780151582095
"236","lu","candmc",16384,"16384",256,"8x8x4","time","strong","32-512","lu_16384","CANDMC/CAPITAL [cite] ","lu","$2^{14}$",1491.6,NA,297.34046,1491.6,1.27022282850316,266.321703274977,1.11647100609369
"237","lu","candmc",16384,"8192",4,"2x2x1","time","weak","32-512","lu_8192","CANDMC/CAPITAL [cite] ","lu","$2^{13} \cdot \sqrt{P}$",8394.8,NA,3469.03446,8394.8,14.4444798856078,4261.14725239963,0.814108092145006
"238","lu","candmc",32768,"1024",1024,"32x32x1","time","weak","32-512","lu_1024","CANDMC/CAPITAL [cite] ","lu","$2^{10} \cdot \sqrt{P}$",2050,NA,532.2265625,2050,1.84845304487348,422.759351940661,1.25893504202056
"239","lu","candmc",32768,"32768",4,"2x2x1","time","other","32-512","lu_32768","CANDMC/CAPITAL [cite] ","lu","ERROR!",44264.6666666667,NA,NA,44264.6666666667,21.9151804588219,17044.5890095985,NA
"240","lu","candmc",32768,"32768",8,"2x2x2","time","other","32-512","lu_32768","CANDMC/CAPITAL [cite] ","lu","ERROR!",17217.8333333333,NA,NA,17217.8333333333,28.1704480223876,10737.41824,NA
"241","lu","candmc",32768,"32768",32,"4x4x2","time","other","32-512","lu_32768","CANDMC/CAPITAL [cite] ","lu","ERROR!",7897.16666666667,NA,NA,7897.16666666667,15.354686669527,4261.14725239963,NA
"242","lu","candmc",32768,"32768",64,"4x4x4","time","other","32-512","lu_32768","CANDMC/CAPITAL [cite] ","lu","ERROR!",6387.83333333333,NA,NA,6387.83333333333,9.49136533595377,2684.35456,NA
"243","lu","candmc",32768,"32768",64,"8x8x1","time","other","32-512","lu_32768","CANDMC/CAPITAL [cite] ","lu","ERROR!",7301.8,NA,NA,7301.8,8.30333066803391,2684.35456,NA
"244","lu","candmc",32768,"32768",128,"8x8x2","time","other","32-512","lu_32768","CANDMC/CAPITAL [cite] ","lu","ERROR!",4350.5,NA,NA,4350.5,6.96807951636019,1691.03740776265,NA
"245","lu","candmc",32768,"32768",256,"16x16x1","time","other","32-512","lu_32768","CANDMC/CAPITAL [cite] ","lu","ERROR!",3839.5,NA,NA,3839.5,3.94773146710835,1065.28681309991,NA
"246","lu","candmc",32768,"32768",256,"8x8x4","time","other","32-512","lu_32768","CANDMC/CAPITAL [cite] ","lu","ERROR!",3594,NA,NA,3594,4.21739425931066,1065.28681309991,NA
"247","lu","candmc",32768,"32768",512,"16x16x2","time","other","32-512","lu_32768","CANDMC/CAPITAL [cite] ","lu","ERROR!",4365.16666666667,NA,NA,4365.16666666667,1.7361668093577,671.08864,NA
"248","lu","candmc",32768,"8192",16,"4x4x1","time","weak","32-512","lu_8192","CANDMC/CAPITAL [cite] ","lu","$2^{13} \cdot \sqrt{P}$",15108.8,NA,5657.222598,15108.8,16.0513766472122,6764.14963105058,0.836353851788069
"249","lu","candmc",65536,"65536",4,"2x2x1","time","other","32-512","lu_65536","CANDMC/CAPITAL [cite] ","lu","ERROR!",239996.833333333,NA,NA,239996.833333333,32.3360319209634,68178.3560383941,NA
"250","lu","candmc",65536,"65536",8,"2x2x2","time","other","32-512","lu_65536","CANDMC/CAPITAL [cite] ","lu","ERROR!",90368.5,NA,NA,90368.5,42.9383317394712,42949.67296,NA
"251","lu","candmc",65536,"65536",16,"4x4x1","time","other","32-512","lu_65536","CANDMC/CAPITAL [cite] ","lu","ERROR!",74923.6666666667,NA,NA,74923.6666666667,25.894839404094,27056.5985242023,NA
"252","lu","candmc",65536,"65536",32,"4x4x2","time","other","32-512","lu_65536","CANDMC/CAPITAL [cite] ","lu","ERROR!",34720.3333333333,NA,NA,34720.3333333333,27.9394828568159,17044.5890095985,NA
"253","lu","candmc",65536,"65536",128,"8x8x2","time","other","32-512","lu_65536","CANDMC/CAPITAL [cite] ","lu","ERROR!",16371.3333333333,NA,NA,16371.3333333333,14.813517906548,6764.14963105058,NA
"254","lu","candmc",65536,"65536",256,"8x8x4","time","other","32-512","lu_65536","CANDMC/CAPITAL [cite] ","lu","ERROR!",11470.5,NA,NA,11470.5,10.5713368853755,4261.14725239963,NA
"255","lu","candmc",65536,"65536",512,"16x16x2","time","other","32-512","lu_65536","CANDMC/CAPITAL [cite] ","lu","ERROR!",12633.1666666667,NA,NA,12633.1666666667,4.79921317208802,2684.35456,NA
"256","lu","candmc",65536,"65536",1024,"16x16x4","time","other","32-512","lu_65536","CANDMC/CAPITAL [cite] ","lu","ERROR!",11394,NA,NA,11394,2.66057836895954,1691.03740776265,NA
"257","lu","candmc",65536,"8192",64,"4x4x4","time","weak","32-512","lu_8192","CANDMC/CAPITAL [cite] ","lu","$2^{13} \cdot \sqrt{P}$",24983.8,NA,9968.75,24983.8,19.4139433943115,10737.41824,0.928412191569805
"258","lu","candmc",65536,"8192",64,"8x8x1","time","weak","32-512","lu_8192","CANDMC/CAPITAL [cite] ","lu","$2^{13} \cdot \sqrt{P}$",31937,NA,9968.75,31937,15.1872147970943,10737.41824,0.928412191569805
"259","lu","candmc",131072,"131072",16,"4x4x1","time","other","32-512","lu_131072","CANDMC/CAPITAL [cite] ","lu","$2^{17}$",436754,NA,90000,436754,35.5373746484144,108226.394096809,0.831590119499818
"260","lu","candmc",131072,"131072",16,"4x4x1","time","strong","32-512","lu_131072","CANDMC/CAPITAL [cite] ","lu","$2^{17}$",404900.2,NA,90000,404900.2,38.3331263535894,108226.394096809,0.831590119499818
"261","lu","candmc",131072,"131072",32,"4x4x2","time","other","32-512","lu_131072","CANDMC/CAPITAL [cite] ","lu","$2^{17}$",187071,NA,62812.5,187071,41.4844912551748,68178.3560383941,0.921296781703384
"262","lu","candmc",131072,"131072",32,"4x4x2","time","strong","32-512","lu_131072","CANDMC/CAPITAL [cite] ","lu","$2^{17}$",180648.8,NA,62812.5,180648.8,42.9592959576637,68178.3560383941,0.921296781703384
"263","lu","candmc",131072,"131072",64,"4x4x4","time","strong","32-512","lu_131072","CANDMC/CAPITAL [cite] ","lu","$2^{17}$",127634.8,NA,39843.75,127634.8,30.4013688414006,42949.67296,0.927684595808387
"264","lu","candmc",131072,"131072",128,"8x8x2","time","strong","32-512","lu_131072","CANDMC/CAPITAL [cite] ","lu","$2^{17}$",80018.8,NA,25312.5,80018.8,24.2460061372977,27056.5985242023,0.935538884437295
"265","lu","candmc",131072,"131072",256,"8x8x4","time","strong","32-512","lu_131072","CANDMC/CAPITAL [cite] ","lu","$2^{17}$",49265.6,NA,18593.75,49265.6,19.6905783741515,17044.5890095985,1.09088872659406
"266","lu","candmc",131072,"131072",512,"8x8x8","time","strong","32-512","lu_131072","CANDMC/CAPITAL [cite] ","lu","$2^{17}$",38847.8,NA,11367.1875,38847.8,12.4854967070156,10737.41824,1.05865183286369
"267","lu","candmc",131072,"131072",1024,"16x16x4","time","strong","32-512","lu_131072","CANDMC/CAPITAL [cite] ","lu","$2^{17}$",33111,NA,8173.828125,33111,7.32436469715201,6764.14963105058,1.20840439239817
"268","lu","candmc",131072,"8192",256,"8x8x4","time","weak","32-512","lu_8192","CANDMC/CAPITAL [cite] ","lu","$2^{13} \cdot \sqrt{P}$",73034.8,NA,18593.75,73034.8,13.2822730800879,17044.5890095985,1.09088872659406
"269","lu","candmc",262144,"262144",64,"8x8x1","time","other","32-512","lu_262144","CANDMC/CAPITAL [cite] ","lu","ERROR!",787912.333333333,NA,NA,787912.333333333,39.3980138920538,171798.69184,NA
"270","lu","candmc",262144,"262144",128,"8x8x2","time","other","32-512","lu_262144","CANDMC/CAPITAL [cite] ","lu","ERROR!",468223.5,NA,NA,468223.5,33.1488926275456,108226.394096809,NA
"271","lu","candmc",262144,"262144",256,"16x16x1","time","other","32-512","lu_262144","CANDMC/CAPITAL [cite] ","lu","ERROR!",307415,NA,NA,307415,25.2445237337046,68178.3560383941,NA
"272","lu","candmc",262144,"262144",256,"8x8x4","time","other","32-512","lu_262144","CANDMC/CAPITAL [cite] ","lu","ERROR!",252549.166666667,NA,NA,252549.166666667,30.728849221822,68178.3560383941,NA
"273","lu","candmc",262144,"262144",512,"16x16x2","time","other","32-512","lu_262144","CANDMC/CAPITAL [cite] ","lu","ERROR!",194458.166666667,NA,NA,194458.166666667,19.9542796186587,42949.67296,NA
"274","lu","candmc",262144,"8192",1024,"16x16x4","time","weak","32-512","lu_8192","CANDMC/CAPITAL [cite] ","lu","$2^{13} \cdot \sqrt{P}$",137760.4,NA,32421.875,137760.4,14.0834108778662,27056.5985242023,1.1982982624737
"275","lu","candmc",262144,"8192",1024,"32x32x1","time","weak","32-512","lu_8192","CANDMC/CAPITAL [cite] ","lu","$2^{13} \cdot \sqrt{P}$",139831.6,NA,32421.875,139831.6,13.8748059515818,27056.5985242023,1.1982982624737
"276","lu","conflux",2048,"1024",4,"2x2x1","time","weak","64","lu_1024","COnfLUX/PsyChol (this work) ","lu","$2^{10} \cdot \sqrt{P}$",33.25,NA,9.339008,33.25,7.12279838720043,13.3160851637489,0.701332853098906
"277","lu","conflux",2048,"2048",8,"2x2x2","time","other","128","lu_2048","COnfLUX/PsyChol (this work) ","lu","ERROR!",39.5,NA,NA,39.5,2.99788666296727,8.388608,NA
"278","lu","conflux",2048,"2048",16,"4x4x1","time","other","128","lu_2048","COnfLUX/PsyChol (this work) ","lu","ERROR!",41.6,NA,NA,41.6,1.42327551907701,5.28449189925827,NA
"279","lu","conflux",2048,"2048",32,"4x4x2","time","other","128","lu_2048","COnfLUX/PsyChol (this work) ","lu","ERROR!",44.5,NA,NA,44.5,0.665261366220264,3.32902129093721,NA
"280","lu","conflux",2048,"2048",64,"8x8x1","time","other","128","lu_2048","COnfLUX/PsyChol (this work) ","lu","ERROR!",51.8,NA,NA,51.8,0.285754158270287,2.097152,NA
"281","lu","conflux",2048,"2048",128,"8x8x2","time","other","128","lu_2048","COnfLUX/PsyChol (this work) ","lu","ERROR!",51.25,NA,NA,51.25,0.14441039413074,1.32112297481457,NA
"282","lu","conflux",4096,"1024",16,"4x4x1","time","weak","128","lu_1024","COnfLUX/PsyChol (this work) ","lu","$2^{10} \cdot \sqrt{P}$",107.75,NA,27.263232,107.75,4.39597301855061,21.1379675970331,1.28977546563307
"283","lu","conflux",4096,"4096",4,"2x2x1","time","other","128","lu_4096","COnfLUX/PsyChol (this work) ","lu","ERROR!",109.8,NA,NA,109.8,17.255595364256,53.2643406549954,NA
"284","lu","conflux",4096,"4096",8,"2x2x2","time","other","128","lu_4096","COnfLUX/PsyChol (this work) ","lu","ERROR!",130.8,NA,NA,130.8,7.242600806557,33.554432,NA
"285","lu","conflux",4096,"4096",32,"4x4x2","time","other","128","lu_4096","COnfLUX/PsyChol (this work) ","lu","ERROR!",106.8,NA,NA,106.8,2.21753788740088,13.3160851637489,NA
"286","lu","conflux",4096,"4096",64,"8x8x1","time","other","128","lu_4096","COnfLUX/PsyChol (this work) ","lu","ERROR!",120.6,NA,NA,120.6,0.981894885466062,8.388608,NA
"287","lu","conflux",4096,"4096",128,"8x8x2","time","other","128","lu_4096","COnfLUX/PsyChol (this work) ","lu","ERROR!",117.8,NA,NA,117.8,0.502616821677449,5.28449189925827,NA
"288","lu","conflux",4096,"4096",256,"16x16x1","time","other","128","lu_4096","COnfLUX/PsyChol (this work) ","lu","ERROR!",133.8,NA,NA,133.8,0.221256582935738,3.32902129093721,NA
"289","lu","conflux",4096,"4096",512,"16x16x2","time","other","128","lu_4096","COnfLUX/PsyChol (this work) ","lu","ERROR!",128,NA,NA,128,0.115641135925007,2.097152,NA
"290","lu","conflux",8192,"1024",64,"8x8x1","time","weak","128","lu_1024","COnfLUX/PsyChol (this work) ","lu","$2^{10} \cdot \sqrt{P}$",378,NA,62.480896,378,2.50616980290385,33.554432,1.86207580566406
"291","lu","conflux",8192,"8192",4,"2x2x1","time","other","128","lu_8192","COnfLUX/PsyChol (this work) ","lu","$2^{13} \cdot \sqrt{P}$",469.8,NA,NA,469.8,32.2633353937048,213.057362619982,NA
"292","lu","conflux",8192,"8192",8,"2x2x2","time","other","256","lu_8192","COnfLUX/PsyChol (this work) ","lu","$2^{13} \cdot \sqrt{P}$",529.6,NA,NA,529.6,14.3101538594812,134.217728,NA
"293","lu","conflux",8192,"8192",16,"4x4x1","time","other","128","lu_8192","COnfLUX/PsyChol (this work) ","lu","$2^{13} \cdot \sqrt{P}$",324,NA,NA,324,11.695459080218,84.5518703881323,NA
"294","lu","conflux",8192,"8192",32,"4x4x2","time","other","128","lu_8192","COnfLUX/PsyChol (this work) ","lu","$2^{13} \cdot \sqrt{P}$",325.8,NA,NA,325.8,5.81542164209734,53.2643406549954,NA
"295","lu","conflux",8192,"8192",128,"8x8x2","time","other","128","lu_8192","COnfLUX/PsyChol (this work) ","lu","$2^{13} \cdot \sqrt{P}$",293.8,NA,NA,293.8,1.61220589771555,21.1379675970331,NA
"296","lu","conflux",8192,"8192",256,"16x16x1","time","other","128","lu_8192","COnfLUX/PsyChol (this work) ","lu","$2^{13} \cdot \sqrt{P}$",342.4,NA,NA,342.4,0.691685298990696,13.3160851637489,NA
"297","lu","conflux",8192,"8192",512,"16x16x2","time","other","128","lu_8192","COnfLUX/PsyChol (this work) ","lu","$2^{13} \cdot \sqrt{P}$",311.8,NA,NA,311.8,0.379783589439407,8.388608,NA
"298","lu","conflux",8192,"8192",1024,"32x32x1","time","other","128","lu_8192","COnfLUX/PsyChol (this work) ","lu","$2^{13} \cdot \sqrt{P}$",443.8,NA,NA,443.8,0.133412036037863,5.28449189925827,NA
"299","lu","conflux",16384,"1024",256,"16x16x1","time","weak","128","lu_1024","COnfLUX/PsyChol (this work) ","lu","$2^{10} \cdot \sqrt{P}$",1037.75,NA,132.334592,1037.75,1.82574258828746,53.2643406549954,2.4844875647135
"300","lu","conflux",16384,"16384",4,"2x2x1","time","strong","128","lu_16384","COnfLUX/PsyChol (this work) ","lu","$2^{14}$",2781,NA,544.474112,2781,43.6024882213952,852.229450479927,0.63888206596637
"301","lu","conflux",16384,"16384",8,"2x2x2","time","strong","256","lu_16384","COnfLUX/PsyChol (this work) ","lu","$2^{14}$",2469,NA,811.56608,2469,24.5562008391454,536.870912,1.51165962219238
"302","lu","conflux",16384,"16384",16,"4x4x1","time","strong","256","lu_16384","COnfLUX/PsyChol (this work) ","lu","$2^{14}$",1163,NA,411.042816,1163,26.0658898847163,338.207481552529,1.21535695814038
"303","lu","conflux",16384,"16384",32,"4x4x2","time","strong","256","lu_16384","COnfLUX/PsyChol (this work) ","lu","$2^{14}$",1305.2,NA,408.192,1305.2,11.6130209684052,213.057362619982,1.91587840467203
"304","lu","conflux",16384,"16384",64,"8x8x1","time","strong","128","lu_16384","COnfLUX/PsyChol (this work) ","lu","$2^{14}$",1064,NA,242.402304,1064,7.12279838720043,134.217728,1.80603790283203
"305","lu","conflux",16384,"16384",128,"8x8x2","time","strong","256","lu_16384","COnfLUX/PsyChol (this work) ","lu","$2^{14}$",972.5,NA,205.825024,972.5,3.89648199690553,84.5518703881323,2.43430480077103
"306","lu","conflux",16384,"16384",256,"16x16x1","time","strong","128","lu_16384","COnfLUX/PsyChol (this work) ","lu","$2^{14}$",1061,NA,132.334592,1061,1.7857345626723,53.2643406549954,2.4844875647135
"307","lu","conflux",16384,"8192",4,"2x2x1","time","weak","128","lu_8192","COnfLUX/PsyChol (this work) ","lu","$2^{13} \cdot \sqrt{P}$",2628.8,NA,544.474112,2628.8,46.1269475592286,852.229450479927,0.63888206596637
"308","lu","conflux",32768,"1024",1024,"32x32x1","time","weak","128","lu_1024","COnfLUX/PsyChol (this work) ","lu","$2^{10} \cdot \sqrt{P}$",3160.75,NA,271.484375,3160.75,1.19887012322728,84.5518703881323,3.21086185029096
"309","lu","conflux",32768,"32768",4,"2x2x1","time","other","256","lu_32768","COnfLUX/PsyChol (this work) ","lu","ERROR!",17392.8,NA,NA,17392.8,55.7741225075664,3408.91780191971,NA
"310","lu","conflux",32768,"32768",8,"2x2x2","time","other","256","lu_32768","COnfLUX/PsyChol (this work) ","lu","ERROR!",12626.6,NA,NA,12626.6,38.4136726414712,2147.483648,NA
"311","lu","conflux",32768,"32768",32,"4x4x2","time","other","256","lu_32768","COnfLUX/PsyChol (this work) ","lu","ERROR!",4796.6,NA,NA,4796.6,25.2800983496018,852.229450479927,NA
"312","lu","conflux",32768,"32768",64,"8x8x1","time","other","256","lu_32768","COnfLUX/PsyChol (this work) ","lu","ERROR!",3427.8,NA,NA,3427.8,17.6875138198991,536.870912,NA
"313","lu","conflux",32768,"32768",128,"8x8x2","time","other","256","lu_32768","COnfLUX/PsyChol (this work) ","lu","ERROR!",2978.2,NA,NA,2978.2,10.1788429037422,338.207481552529,NA
"314","lu","conflux",32768,"32768",256,"16x16x1","time","other","128","lu_32768","COnfLUX/PsyChol (this work) ","lu","ERROR!",3197.4,NA,NA,3197.4,4.74051259397088,213.057362619982,NA
"315","lu","conflux",32768,"32768",512,"16x16x2","time","other","256","lu_32768","COnfLUX/PsyChol (this work) ","lu","ERROR!",2663,NA,NA,2663,2.84590968230614,134.217728,NA
"316","lu","conflux",32768,"8192",16,"4x4x1","time","weak","128","lu_8192","COnfLUX/PsyChol (this work) ","lu","$2^{13} \cdot \sqrt{P}$",6178,NA,NA,6178,39.2549432643898,1352.82992621012,NA
"317","lu","conflux",65536,"65536",4,"2x2x1","time","other","256","lu_65536","COnfLUX/PsyChol (this work) ","lu","ERROR!",135484.6,NA,NA,135484.6,57.2799068203826,13635.6712076788,NA
"318","lu","conflux",65536,"65536",8,"2x2x2","time","other","512","lu_65536","COnfLUX/PsyChol (this work) ","lu","ERROR!",95394.6,NA,NA,95394.6,40.6760197306598,8589.934592,NA
"319","lu","conflux",65536,"65536",16,"4x4x1","time","other","256","lu_65536","COnfLUX/PsyChol (this work) ","lu","ERROR!",36603.8,NA,NA,36603.8,53.0036858440709,5411.31970484046,NA
"320","lu","conflux",65536,"65536",32,"4x4x2","time","other","256","lu_65536","COnfLUX/PsyChol (this work) ","lu","ERROR!",25214.8,NA,NA,25214.8,38.472173404096,3408.91780191971,NA
"321","lu","conflux",65536,"65536",128,"8x8x2","time","other","256","lu_65536","COnfLUX/PsyChol (this work) ","lu","ERROR!",11058.6,NA,NA,11058.6,21.9301755635795,1352.82992621012,NA
"322","lu","conflux",65536,"65536",256,"16x16x1","time","other","256","lu_65536","COnfLUX/PsyChol (this work) ","lu","ERROR!",10070.6,NA,NA,10070.6,12.0408436184239,852.229450479927,NA
"323","lu","conflux",65536,"65536",512,"16x16x2","time","other","512","lu_65536","COnfLUX/PsyChol (this work) ","lu","ERROR!",8382.2,NA,NA,8382.2,7.23309630787264,536.870912,NA
"324","lu","conflux",65536,"65536",1024,"32x32x1","time","other","512","lu_65536","COnfLUX/PsyChol (this work) ","lu","ERROR!",11894,NA,NA,11894,2.54873296922188,338.207481552529,NA
"325","lu","conflux",65536,"8192",64,"8x8x1","time","weak","256","lu_8192","COnfLUX/PsyChol (this work) ","lu","$2^{13} \cdot \sqrt{P}$",15102.6,NA,3781.25,15102.6,32.1159322881358,2147.483648,1.76078174263239
"326","lu","conflux",131072,"131072",16,"4x4x1","time","other","256","lu_131072","COnfLUX/PsyChol (this work) ","lu","$2^{17}$",276619.2,NA,NA,276619.2,56.1099537819269,21645.2788193619,NA
"327","lu","conflux",131072,"131072",32,"4x4x2","time","other","512","lu_131072","COnfLUX/PsyChol (this work) ","lu","$2^{17}$",186561.8,NA,NA,186561.8,41.5977186304849,13635.6712076788,NA
"328","lu","conflux",131072,"131072",64,"8x8x1","time","strong","256","lu_131072","COnfLUX/PsyChol (this work) ","lu","$2^{17}$",87326,NA,15093.75,87326,44.4343337814443,8589.934592,1.7571437638253
"329","lu","conflux",131072,"131072",128,"8x8x2","time","strong","256","lu_131072","COnfLUX/PsyChol (this work) ","lu","$2^{17}$",59326.6,NA,12890.625,59326.6,32.7026378706887,5411.31970484047,2.38215919648385
"330","lu","conflux",131072,"131072",256,"16x16x1","time","strong","256","lu_131072","COnfLUX/PsyChol (this work) ","lu","$2^{17}$",47063,NA,8085.9375,47063,20.612119030865,3408.91780191971,2.37199544543035
"331","lu","conflux",131072,"131072",512,"16x16x2","time","strong","512","lu_131072","COnfLUX/PsyChol (this work) ","lu","$2^{17}$",34132.2,NA,6464.84375,34132.2,14.2104546139657,2147.483648,3.01042746286839
"332","lu","conflux",131072,"131072",1024,"32x32x1","time","strong","256","lu_131072","COnfLUX/PsyChol (this work) ","lu","$2^{17}$",38729.2,NA,4208.984375,38729.2,6.26186545261457,1352.82992621012,3.11124428389255
"333","lu","conflux",131072,"8192",256,"16x16x1","time","weak","256","lu_8192","COnfLUX/PsyChol (this work) ","lu","$2^{13} \cdot \sqrt{P}$",46289.6,NA,8085.9375,46289.6,20.9565033603574,3408.91780191971,2.37199544543035
"334","lu","conflux",262144,"262144",64,"8x8x1","time","other","128","lu_262144","COnfLUX/PsyChol (this work) ","lu","ERROR!",640119.2,NA,NA,640119.2,48.4943758199835,34359.738368,NA
"335","lu","conflux",262144,"262144",128,"8x8x2","time","other","512","lu_262144","COnfLUX/PsyChol (this work) ","lu","ERROR!",386701.6,NA,NA,386701.6,40.1371251817774,21645.2788193619,NA
"336","lu","conflux",262144,"262144",256,"16x16x1","time","other","128","lu_262144","COnfLUX/PsyChol (this work) ","lu","ERROR!",224640,NA,NA,224640,34.546586821567,13635.6712076788,NA
"337","lu","conflux",262144,"262144",512,"16x16x2","time","other","256","lu_262144","COnfLUX/PsyChol (this work) ","lu","ERROR!",136842.6,NA,NA,136842.6,28.3557359462507,8589.934592,NA
"338","lu","conflux",262144,"8192",1024,"32x32x1","time","weak","256","lu_8192","COnfLUX/PsyChol (this work) ","lu","$2^{13} \cdot \sqrt{P}$",157951.6,NA,16699.21875,157951.6,12.2831064446273,5411.31970484047,3.08597895908135
"339","lu","mkl",2048,"1024",4,"2x2","time","weak","128","lu_1024","MKL [cite] ","lu","$2^{10} \cdot \sqrt{P}$",165.75,NA,22.985288,165.75,1.42885699170084,16.777216,1.37002992630005
"340","lu","mkl",2048,"2048",8,"4x2x1","time","other","64","lu_2048","MKL [cite] ","lu","ERROR!",132,NA,NA,132,0.897094872630357,11.8632832030314,NA
"341","lu","mkl",2048,"2048",16,"4x4x1","time","other","512","lu_2048","MKL [cite] ","lu","ERROR!",167.6,NA,NA,167.6,0.353271250558494,8.388608,NA
"342","lu","mkl",2048,"2048",32,"8x4x1","time","other","512","lu_2048","MKL [cite] ","lu","ERROR!",163.8,NA,NA,163.8,0.180733399247874,5.93164160151572,NA
"343","lu","mkl",2048,"2048",64,"8x8x1","time","other","256","lu_2048","MKL [cite] ","lu","ERROR!",136,NA,NA,136,0.108838716164712,4.194304,NA
"344","lu","mkl",2048,"2048",128,"16x8x1","time","other","256","lu_2048","MKL [cite] ","lu","ERROR!",158,NA,NA,158,0.0468419791088636,2.96582080075786,NA
"345","lu","mkl",2048,"2048",256,"16x16x1","time","other","128","lu_2048","MKL [cite] ","lu","ERROR!",183.2,NA,NA,183.2,0.020199325052403,2.097152,NA
"346","lu","mkl",2048,"2048",512,"32x16x1","time","other","64","lu_2048","MKL [cite] ","lu","ERROR!",182.75,NA,NA,182.75,0.0101245317362523,1.48291040037893,NA
"347","lu","mkl",2048,"2048",1024,"32x32x1","time","other","256","lu_2048","MKL [cite] ","lu","ERROR!",222.8,NA,NA,222.8,0.00415228495242395,1.048576,NA
"348","lu","mkl",4096,"1024",16,"4x4","time","weak","128","lu_1024","MKL [cite] ","lu","$2^{10} \cdot \sqrt{P}$",334.4,NA,54.176482,334.4,1.41646558836372,33.554432,1.61458498239517
"349","lu","mkl",4096,"4096",4,"2x2x1","time","other","64","lu_4096","MKL [cite] ","lu","ERROR!",354,NA,NA,354,5.35215924009975,67.108864,NA
"350","lu","mkl",4096,"4096",8,"4x2x1","time","other","64","lu_4096","MKL [cite] ","lu","ERROR!",375.8,NA,NA,375.8,2.52084136641207,47.4531328121258,NA
"351","lu","mkl",4096,"4096",32,"8x4x1","time","other","128","lu_4096","MKL [cite] ","lu","ERROR!",536.5,NA,NA,536.5,0.441440906569271,23.7265664060629,NA
"352","lu","mkl",4096,"4096",64,"8x8x1","time","other","512","lu_4096","MKL [cite] ","lu","ERROR!",417.8,NA,NA,417.8,0.283428729505043,16.777216,NA
"353","lu","mkl",4096,"4096",128,"16x8x1","time","other","512","lu_4096","MKL [cite] ","lu","ERROR!",528.4,NA,NA,528.4,0.112051971221808,11.8632832030314,NA
"354","lu","mkl",4096,"4096",256,"16x16x1","time","other","256","lu_4096","MKL [cite] ","lu","ERROR!",420.4,NA,NA,420.4,0.0704189600304514,8.388608,NA
"355","lu","mkl",4096,"4096",512,"32x16x1","time","other","256","lu_4096","MKL [cite] ","lu","ERROR!",431,NA,NA,431,0.0343435392074266,5.93164160151572,NA
"356","lu","mkl",4096,"4096",1024,"32x32x1","time","other","128","lu_4096","MKL [cite] ","lu","ERROR!",436,NA,NA,436,0.016974845640368,4.194304,NA
"357","lu","mkl",8192,"1024",64,"8x8","time","weak","64","lu_1024","MKL [cite] ","lu","$2^{10} \cdot \sqrt{P}$",1089.6,NA,109.8660765,1089.6,0.869431154091095,67.108864,1.6371321156621
"358","lu","mkl",8192,"8192",4,"2x2x1","time","other","64","lu_8192","MKL [cite] ","lu","$2^{13} \cdot \sqrt{P}$",1736.2,NA,NA,1736.2,8.73016643702483,268.435456,NA
"359","lu","mkl",8192,"8192",8,"4x2x1","time","other","64","lu_8192","MKL [cite] ","lu","$2^{13} \cdot \sqrt{P}$",1607,NA,NA,1607,4.71602830365977,189.812531248503,NA
"360","lu","mkl",8192,"8192",16,"4x4x1","time","other","128","lu_8192","MKL [cite] ","lu","$2^{13} \cdot \sqrt{P}$",1477.4,NA,NA,1477.4,2.56486309868054,134.217728,NA
"361","lu","mkl",8192,"8192",32,"8x4x1","time","other","256","lu_8192","MKL [cite] ","lu","$2^{13} \cdot \sqrt{P}$",1554.4,NA,NA,1554.4,1.21890399575097,94.9062656242515,NA
"362","lu","mkl",8192,"8192",128,"16x8x1","time","other","512","lu_8192","MKL [cite] ","lu","$2^{13} \cdot \sqrt{P}$",1233.2,NA,NA,1233.2,0.384095112511213,47.4531328121258,NA
"363","lu","mkl",8192,"8192",256,"16x16x1","time","other","512","lu_8192","MKL [cite] ","lu","$2^{13} \cdot \sqrt{P}$",1216,NA,NA,1216,0.194764018400012,33.554432,NA
"364","lu","mkl",8192,"8192",512,"32x16x1","time","other","256","lu_8192","MKL [cite] ","lu","$2^{13} \cdot \sqrt{P}$",1139.4,NA,NA,1139.4,0.103928842537482,23.7265664060629,NA
"365","lu","mkl",8192,"8192",1024,"32x32x1","time","other","256","lu_8192","MKL [cite] ","lu","$2^{13} \cdot \sqrt{P}$",1066,NA,NA,1066,0.055542459281054,16.777216,NA
"366","lu","mkl",16384,"1024",256,"16x16","time","weak","128","lu_1024","MKL [cite] ","lu","$2^{10} \cdot \sqrt{P}$",2452.6,NA,217.73579825,2452.6,0.772512587048566,134.217728,1.62225811369717
"367","lu","mkl",16384,"16384",4,"2x2","time","strong","128","lu_16384","MKL [cite] ","lu","$2^{14}$",7016.4,NA,1351.468104,7016.4,17.2821560549142,1073.741824,1.25865275412798
"368","lu","mkl",16384,"16384",8,"4x2","time","strong","128","lu_16384","MKL [cite] ","lu","$2^{14}$",5789.6,NA,1091.491448,5789.6,10.4720982229947,759.250124994012,1.43759139718101
"369","lu","mkl",16384,"16384",16,"4x4","time","strong","64","lu_16384","MKL [cite] ","lu","$2^{14}$",3864.4,NA,820.57789,3864.4,7.84458905287367,536.870912,1.52844542637467
"370","lu","mkl",16384,"16384",32,"8x4","time","strong","64","lu_16384","MKL [cite] ","lu","$2^{14}$",3723,NA,701.689293,3723,4.071263757175,379.625062497006,1.84837452086171
"371","lu","mkl",16384,"16384",64,"8x8","time","strong","64","lu_16384","MKL [cite] ","lu","$2^{14}$",2326.6,NA,425.5889245,2326.6,3.25739597867328,268.435456,1.58544229157269
"372","lu","mkl",16384,"16384",128,"16x8","time","strong","64","lu_16384","MKL [cite] ","lu","$2^{14}$",3459.8,NA,386.7831045,3459.8,1.09524502629939,189.812531248503,2.03771111399185
"373","lu","mkl",16384,"16384",256,"16x16","time","strong","64","lu_16384","MKL [cite] ","lu","$2^{14}$",2636.4,NA,217.73579825,2636.4,0.71865588339983,134.217728,1.62225811369717
"374","lu","mkl",16384,"8192",4,"2x2","time","weak","128","lu_8192","MKL [cite] ","lu","$2^{13} \cdot \sqrt{P}$",6348.8,NA,1351.468104,6348.8,19.0994392237431,1073.741824,1.25865275412798
"375","lu","mkl",32768,"1024",1024,"32x32","time","weak","128","lu_1024","MKL [cite] ","lu","$2^{10} \cdot \sqrt{P}$",5433,NA,431.640625,5433,0.697465257130614,268.435456,1.60798663273454
"376","lu","mkl",32768,"32768",4,"2x2x1","time","other","512","lu_32768","MKL [cite] ","lu","ERROR!",37200.2,NA,NA,37200.2,26.0769608214365,4294.967296,NA
"377","lu","mkl",32768,"32768",8,"4x2x1","time","other","128","lu_32768","MKL [cite] ","lu","ERROR!",18873,NA,NA,18873,25.6998929144704,3037.00049997605,NA
"378","lu","mkl",32768,"32768",32,"8x4x1","time","other","64","lu_32768","MKL [cite] ","lu","ERROR!",13702.6,NA,NA,13702.6,8.8493074120021,1518.50024998802,NA
"379","lu","mkl",32768,"32768",64,"8x8x1","time","other","64","lu_32768","MKL [cite] ","lu","ERROR!",10406.2,NA,NA,10406.2,5.82626317693779,1073.741824,NA
"380","lu","mkl",32768,"32768",128,"16x8x1","time","other","64","lu_32768","MKL [cite] ","lu","ERROR!",11411,NA,NA,11411,2.65661466444001,759.250124994012,NA
"381","lu","mkl",32768,"32768",256,"16x16x1","time","other","64","lu_32768","MKL [cite] ","lu","ERROR!",8286.6,NA,NA,8286.6,1.82913558853601,536.870912,NA
"382","lu","mkl",32768,"32768",512,"32x16x1","time","other","128","lu_32768","MKL [cite] ","lu","ERROR!",8883.2,NA,NA,8883.2,0.853144979734921,379.625062497006,NA
"383","lu","mkl",32768,"8192",16,"4x4","time","weak","128","lu_8192","MKL [cite] ","lu","$2^{13} \cdot \sqrt{P}$",13841.6,NA,NA,13841.6,17.5208819419287,2147.483648,NA
"384","lu","mkl",65536,"65536",4,"2x2x1","time","other","256","lu_65536","MKL [cite] ","lu","ERROR!",197511.8,NA,NA,197511.8,39.2915525229217,17179.869184,NA
"385","lu","mkl",65536,"65536",16,"4x4x1","time","other","64","lu_65536","MKL [cite] ","lu","ERROR!",83186,NA,NA,83186,23.3228706260573,8589.934592,NA
"386","lu","mkl",65536,"65536",32,"8x4x1","time","other","128","lu_65536","MKL [cite] ","lu","ERROR!",47985,NA,NA,47985,20.2160708127457,6074.0009999521,NA
"387","lu","mkl",65536,"65536",128,"16x8x1","time","other","256","lu_65536","MKL [cite] ","lu","ERROR!",34270.4,NA,NA,34270.4,7.07657452166885,3037.00049997605,NA
"388","lu","mkl",65536,"65536",256,"16x16x1","time","other","64","lu_65536","MKL [cite] ","lu","ERROR!",25900.8,NA,NA,25900.8,4.68165152210357,2147.483648,NA
"389","lu","mkl",65536,"65536",512,"32x16x1","time","other","64","lu_65536","MKL [cite] ","lu","ERROR!",24955,NA,NA,24955,2.42954357330595,1518.50024998802,NA
"390","lu","mkl",65536,"65536",1024,"32x32x1","time","other","64","lu_65536","MKL [cite] ","lu","ERROR!",18271.2,NA,NA,18271.2,1.65914827356304,1073.741824,NA
"391","lu","mkl",65536,"8192",64,"8x8","time","weak","512","lu_8192","MKL [cite] ","lu","$2^{13} \cdot \sqrt{P}$",35225.4,NA,6640.625,35225.4,13.7694413399081,4294.967296,1.54614099301398
"392","lu","mkl",131072,"131072",16,"4x4","time","strong","256","lu_131072","MKL [cite] ","lu","$2^{17}$",464589.6,NA,47250,464589.6,33.4081747141856,34359.738368,1.37515598908067
"393","lu","mkl",131072,"131072",64,"8x8","time","strong","256","lu_131072","MKL [cite] ","lu","$2^{17}$",175495.4,NA,26406.25,175495.4,22.1103950975262,17179.869184,1.53704604599625
"394","lu","mkl",131072,"131072",128,"16x8","time","strong","256","lu_131072","MKL [cite] ","lu","$2^{17}$",115652.6,NA,24140.625,115652.6,16.7755529568657,12148.0019999042,1.98720950162754
"395","lu","mkl",131072,"131072",256,"16x16","time","strong","128","lu_131072","MKL [cite] ","lu","$2^{17}$",77642.6,NA,13203.125,77642.6,12.4940194938037,8589.934592,1.53704604599625
"396","lu","mkl",131072,"131072",512,"32x16","time","strong","256","lu_131072","MKL [cite] ","lu","$2^{17}$",75958.2,NA,12539.0625,75958.2,6.38553940160246,6074.0009999521,2.06438268615677
"397","lu","mkl",131072,"131072",1024,"32x32","time","strong","64","lu_131072","MKL [cite] ","lu","$2^{17}$",50302.2,NA,6611.328125,50302.2,4.82120144819511,4294.967296,1.53931978275068
"398","lu","mkl",131072,"8192",256,"16x16","time","weak","256","lu_8192","MKL [cite] ","lu","$2^{13} \cdot \sqrt{P}$",73030.2,NA,13203.125,73030.2,13.2831096991327,8589.934592,1.53704604599625
"399","lu","mkl",262144,"262144",64,"8x8x1","time","other","64","lu_262144","MKL [cite] ","lu","ERROR!",1603447.6,NA,NA,1603447.6,19.3596479575555,68719.476736,NA
"400","lu","mkl",262144,"262144",256,"16x16x1","time","other","256","lu_262144","MKL [cite] ","lu","ERROR!",407162,NA,NA,407162,19.0600922080076,34359.738368,NA
"401","lu","mkl",262144,"262144",512,"32x16x1","time","other","128","lu_262144","MKL [cite] ","lu","ERROR!",293451.8,NA,NA,293451.8,13.2228619207597,24296.0039998084,NA
"402","lu","mkl",262144,"8192",1024,"32x32","time","weak","256","lu_8192","MKL [cite] ","lu","$2^{13} \cdot \sqrt{P}$",163029.2,NA,26171.875,163029.2,11.9005449079012,17179.869184,1.52340362546965
"403","lu","slate",2048,"1024",4,"2x2","time","weak","1","lu_1024","SLATE [cite] ","lu","$2^{10} \cdot \sqrt{P}$",110.4,NA,16.631552,110.4,2.14522686933346,16.777216,0.991317749023438
"404","lu","slate",2048,"2048",8,"4x2x1","time","other","256","lu_2048","SLATE [cite] ","lu","ERROR!",173.2,NA,NA,173.2,0.683698170826831,11.8632832030314,NA
"405","lu","slate",2048,"2048",16,"4x4x1","time","other","256","lu_2048","SLATE [cite] ","lu","ERROR!",145.8,NA,NA,145.8,0.406092329174235,8.388608,NA
"406","lu","slate",2048,"2048",32,"8x4x1","time","other","512","lu_2048","SLATE [cite] ","lu","ERROR!",137.4,NA,NA,137.4,0.215459467225632,5.93164160151572,NA
"407","lu","slate",2048,"2048",64,"8x8x1","time","other","256","lu_2048","SLATE [cite] ","lu","ERROR!",136.6,NA,NA,136.6,0.108360654453886,4.194304,NA
"408","lu","slate",2048,"2048",128,"16x8x1","time","other","256","lu_2048","SLATE [cite] ","lu","ERROR!",117.2,NA,NA,117.2,0.0631487431672393,2.96582080075786,NA
"409","lu","slate",2048,"2048",256,"16x16x1","time","other","256","lu_2048","SLATE [cite] ","lu","ERROR!",133,NA,NA,133,0.0278234312000017,2.097152,NA
"410","lu","slate",2048,"2048",512,"32x16x1","time","other","256","lu_2048","SLATE [cite] ","lu","ERROR!",111.6,NA,NA,111.6,0.0165793743261659,1.48291040037893,NA
"411","lu","slate",2048,"2048",1024,"32x32x1","time","other","256","lu_2048","SLATE [cite] ","lu","ERROR!",138,NA,NA,138,0.00670383396666707,1.048576,NA
"412","lu","slate",4096,"1024",16,"4x4","time","weak","1","lu_1024","SLATE [cite] ","lu","$2^{10} \cdot \sqrt{P}$",360.6,NA,36.332032,360.6,1.3135498966967,33.554432,1.08277893066406
"413","lu","slate",4096,"4096",4,"2x2x1","time","other","256","lu_4096","SLATE [cite] ","lu","ERROR!",333.6,NA,NA,333.6,5.67944955334326,67.108864,NA
"414","lu","slate",4096,"4096",8,"4x2x1","time","other","256","lu_4096","SLATE [cite] ","lu","ERROR!",465.6,NA,NA,465.6,2.03464816472864,47.4531328121258,NA
"415","lu","slate",4096,"4096",32,"8x4x1","time","other","256","lu_4096","SLATE [cite] ","lu","ERROR!",417.8,NA,NA,417.8,0.566857459010086,23.7265664060629,NA
"416","lu","slate",4096,"4096",64,"8x8x1","time","other","256","lu_4096","SLATE [cite] ","lu","ERROR!",380.2,NA,NA,380.2,0.311458503911644,16.777216,NA
"417","lu","slate",4096,"4096",128,"16x8x1","time","other","512","lu_4096","SLATE [cite] ","lu","ERROR!",350.2,NA,NA,350.2,0.169069850352951,11.8632832030314,NA
"418","lu","slate",4096,"4096",256,"16x16x1","time","other","256","lu_4096","SLATE [cite] ","lu","ERROR!",359.8,NA,NA,359.8,0.0822794074396936,8.388608,NA
"419","lu","slate",4096,"4096",512,"32x16x1","time","other","256","lu_4096","SLATE [cite] ","lu","ERROR!",280.2,NA,NA,280.2,0.0528267858615306,5.93164160151572,NA
"420","lu","slate",4096,"4096",1024,"32x32x1","time","other","256","lu_4096","SLATE [cite] ","lu","ERROR!",357.4,NA,NA,357.4,0.0207079818108574,4.194304,NA
"421","lu","slate",8192,"1024",64,"8x8","time","weak","1","lu_1024","SLATE [cite] ","lu","$2^{10} \cdot \sqrt{P}$",1085.8,NA,69.70496,1085.8,0.872473922911822,67.108864,1.0386848449707
"422","lu","slate",8192,"8192",4,"2x2x1","time","other","256","lu_8192","SLATE [cite] ","lu","$2^{13} \cdot \sqrt{P}$",1207.2,NA,NA,1207.2,12.5557612392002,268.435456,NA
"423","lu","slate",8192,"8192",8,"4x2x1","time","other","512","lu_8192","SLATE [cite] ","lu","$2^{13} \cdot \sqrt{P}$",1428.8,NA,NA,1428.8,5.30421156493649,189.812531248503,NA
"424","lu","slate",8192,"8192",16,"4x4x1","time","other","256","lu_8192","SLATE [cite] ","lu","$2^{13} \cdot \sqrt{P}$",977.4,NA,NA,977.4,3.87694776139823,134.217728,NA
"425","lu","slate",8192,"8192",32,"8x4x1","time","other","256","lu_8192","SLATE [cite] ","lu","$2^{13} \cdot \sqrt{P}$",1042.8,NA,NA,1042.8,1.81690100785895,94.9062656242515,NA
"426","lu","slate",8192,"8192",128,"16x8x1","time","other","256","lu_8192","SLATE [cite] ","lu","$2^{13} \cdot \sqrt{P}$",1028.6,NA,NA,1028.6,0.460495909730535,47.4531328121258,NA
"427","lu","slate",8192,"8192",256,"16x16x1","time","other","128","lu_8192","SLATE [cite] ","lu","$2^{13} \cdot \sqrt{P}$",949.5,NA,NA,949.5,0.249429222089957,33.554432,NA
"428","lu","slate",8192,"8192",512,"32x16x1","time","other","512","lu_8192","SLATE [cite] ","lu","$2^{13} \cdot \sqrt{P}$",871.5,NA,NA,871.5,0.135876676061052,23.7265664060629,NA
"429","lu","slate",8192,"8192",1024,"32x32x1","time","other","256","lu_8192","SLATE [cite] ","lu","$2^{13} \cdot \sqrt{P}$",843.2,NA,NA,843.2,0.070218526557879,16.777216,NA
"430","lu","slate",16384,"1024",256,"16x16","time","weak","1","lu_1024","SLATE [cite] ","lu","$2^{10} \cdot \sqrt{P}$",2110.6,NA,132.72128,2110.6,0.897689932244534,134.217728,0.988850593566895
"431","lu","slate",16384,"16384",4,"2x2","time","strong","512","lu_16384","SLATE [cite] ","lu","$2^{14}$",5608.4,NA,1073.568768,5608.4,21.6208757834142,1073.741824,0.999838829040527
"432","lu","slate",16384,"16384",8,"4x2","time","strong","512","lu_16384","SLATE [cite] ","lu","$2^{14}$",5126.8,NA,936.961024,5126.8,11.8259459842104,759.250124994012,1.23406107309813
"433","lu","slate",16384,"16384",16,"4x4","time","strong","512","lu_16384","SLATE [cite] ","lu","$2^{14}$",3128,NA,604.679744,3128,9.69137785675352,536.870912,1.12630379199982
"434","lu","slate",16384,"16384",32,"8x4","time","strong","512","lu_16384","SLATE [cite] ","lu","$2^{14}$",3429.6,NA,448.28928,3429.6,4.41955766502289,379.625062497006,1.18087377332611
"435","lu","slate",16384,"16384",64,"8x8","time","strong","256","lu_16384","SLATE [cite] ","lu","$2^{14}$",2639.4,NA,291.106048,2639.4,2.87135617336563,268.435456,1.08445453643799
"436","lu","slate",16384,"16384",128,"16x8","time","strong","256","lu_16384","SLATE [cite] ","lu","$2^{14}$",2864.6,NA,205.729024,2864.6,1.32281251902207,189.812531248503,1.08385375110276
"437","lu","slate",16384,"16384",256,"16x16","time","strong","256","lu_16384","SLATE [cite] ","lu","$2^{14}$",2280.8,NA,132.72128,2280.8,0.830701670902891,134.217728,0.988850593566895
"438","lu","slate",16384,"8192",4,"2x2","time","weak","1","lu_8192","SLATE [cite] ","lu","$2^{13} \cdot \sqrt{P}$",5499.6,NA,1071.00864,5499.6,22.0486071248273,1073.741824,0.997454524040222
"439","lu","slate",32768,"1024",1024,"32x32","time","weak","1","lu_1024","SLATE [cite] ","lu","$2^{10} \cdot \sqrt{P}$",2210,NA,256.8359375,2210,1.71462839004101,268.435456,0.95678842626512
"440","lu","slate",32768,"32768",4,"2x2x1","time","other","256","lu_32768","SLATE [cite] ","lu","ERROR!",32296.6,NA,NA,32296.6,30.0362316141513,4294.967296,NA
"441","lu","slate",32768,"32768",8,"4x2x1","time","other","256","lu_32768","SLATE [cite] ","lu","ERROR!",29081.8,NA,NA,29081.8,16.6782688476917,3037.00049997605,NA
"442","lu","slate",32768,"32768",32,"8x4x1","time","other","512","lu_32768","SLATE [cite] ","lu","ERROR!",11151.4,NA,NA,11151.4,10.8738382394767,1518.50024998802,NA
"443","lu","slate",32768,"32768",64,"8x8x1","time","other","512","lu_32768","SLATE [cite] ","lu","ERROR!",8361.8,NA,NA,8361.8,7.25074264773733,1073.741824,NA
"444","lu","slate",32768,"32768",128,"16x8x1","time","other","512","lu_32768","SLATE [cite] ","lu","ERROR!",8410.4,NA,NA,8410.4,3.60442189859281,759.250124994012,NA
"445","lu","slate",32768,"32768",256,"16x16x1","time","other","256","lu_32768","SLATE [cite] ","lu","ERROR!",5832.8,NA,NA,5832.8,2.59863444108533,536.870912,NA
"446","lu","slate",32768,"32768",512,"32x16x1","time","other","256","lu_32768","SLATE [cite] ","lu","ERROR!",5910.75,NA,NA,5910.75,1.28218203848602,379.625062497006,NA
"447","lu","slate",32768,"8192",16,"4x4","time","weak","1","lu_8192","SLATE [cite] ","lu","$2^{13} \cdot \sqrt{P}$",12209.2,NA,2418.658432,12209.2,19.863466851833,2147.483648,1.12627559900284
"448","lu","slate",65536,"65536",4,"2x2x1","time","other","128","lu_65536","SLATE [cite] ","lu","ERROR!",264440.4,NA,NA,264440.4,29.3470485735039,17179.869184,NA
"449","lu","slate",65536,"65536",8,"4x2x1","time","other","256","lu_65536","SLATE [cite] ","lu","ERROR!",147074.6,NA,NA,147074.6,26.3830235254653,12148.0019999042,NA
"450","lu","slate",65536,"65536",16,"4x4x1","time","other","256","lu_65536","SLATE [cite] ","lu","ERROR!",73864.8,NA,NA,73864.8,26.2660471009087,8589.934592,NA
"451","lu","slate",65536,"65536",32,"8x4x1","time","other","256","lu_65536","SLATE [cite] ","lu","ERROR!",59936.8,NA,NA,59936.8,16.1848506752046,6074.0009999521,NA
"452","lu","slate",65536,"65536",128,"16x8x1","time","other","512","lu_65536","SLATE [cite] ","lu","ERROR!",30190.4,NA,NA,30190.4,8.0329190566339,3037.00049997605,NA
"453","lu","slate",65536,"65536",256,"16x16x1","time","other","512","lu_65536","SLATE [cite] ","lu","ERROR!",18732.6,NA,NA,18732.6,6.47312811588888,2147.483648,NA
"454","lu","slate",65536,"65536",512,"32x16x1","time","other","512","lu_65536","SLATE [cite] ","lu","ERROR!",17452.8,NA,NA,17452.8,3.47389873669841,1518.50024998802,NA
"455","lu","slate",65536,"65536",1024,"32x32x1","time","other","256","lu_65536","SLATE [cite] ","lu","ERROR!",13936.8,NA,NA,13936.8,2.17514995809117,1073.741824,NA
"456","lu","slate",65536,"8192",64,"8x8","time","weak","1","lu_8192","SLATE [cite] ","lu","$2^{13} \cdot \sqrt{P}$",31415,NA,4703.125,31415,15.4395695997072,4294.967296,1.09503162093461
"457","lu","slate",131072,"131072",16,"4x4","time","strong","256","lu_131072","SLATE [cite] ","lu","$2^{17}$",404429,NA,38687.5,404429,38.3777882575028,34359.738368,1.12595444079489
"458","lu","slate",131072,"131072",32,"8x4","time","strong","512","lu_131072","SLATE [cite] ","lu","$2^{17}$",315385.8,NA,29000,315385.8,24.6065145088866,24296.0039998084,1.19361192071868
"459","lu","slate",131072,"131072",64,"8x8","time","strong","512","lu_131072","SLATE [cite] ","lu","$2^{17}$",172543.8,NA,18750,172543.8,22.4886239424332,17179.869184,1.09139364212751
"460","lu","slate",131072,"131072",128,"16x8","time","strong","512","lu_131072","SLATE [cite] ","lu","$2^{17}$",155834,NA,13828.125,155834,12.4500193532811,12148.0019999042,1.13830447180607
"461","lu","slate",131072,"131072",256,"16x16","time","strong","512","lu_131072","SLATE [cite] ","lu","$2^{17}$",65402.8,NA,9062.5,65402.8,14.8322114336022,8589.934592,1.0550138540566
"462","lu","slate",131072,"131072",512,"32x16","time","strong","512","lu_131072","SLATE [cite] ","lu","$2^{17}$",52741.6,NA,6679.6875,52741.6,9.19642329726061,6074.0009999521,1.09971787954146
"463","lu","slate",131072,"131072",1024,"32x32","time","strong","512","lu_131072","SLATE [cite] ","lu","$2^{17}$",39881,NA,4414.0625,39881,6.08101701279808,4294.967296,1.02772901300341
"464","lu","slate",131072,"8192",256,"16x16","time","weak","1","lu_8192","SLATE [cite] ","lu","$2^{13} \cdot \sqrt{P}$",59647.4,NA,9062.5,59647.4,16.2633770784577,8589.934592,1.0550138540566
"465","lu","slate",262144,"8192",1024,"32x32","time","weak","512","lu_8192","SLATE [cite] ","lu","$2^{13} \cdot \sqrt{P}$",144016.4,NA,17675.78125,144016.4,13.471634590916,17179.869184,1.02886588138063
